schema_version,campaign_id,stage_mode,attempt_id,next_global_seq,abs_b_deg,abs_c_deg,acquisition_try,pass_id,contact_id,prior_ready_raw_count,prior_ready_mux_count,prior_ready_gated_count,current_pre_raw_count,current_pre_mux_count,current_pre_gated_count,gap_raw_delta,gap_mux_delta,gap_gated_delta,prior_contact_extra_delta,combined_extra_delta,burst_flag,consistency_fault,initial_baseline
1.0,2026082701.000000,40.000000,6.000000,10.000000,5.000000,0.000000,1.000000,1.000000,1.000000,1034.000000,1034.000000,505.000000,1034.000000,1034.000000,505.000000,0.000000,0.000000,0.000000,0.000000,0.000000,0.000000,0.000000,1.000000
1.0,2026082701.000000,40.000000,6.000000,10.000000,5.000000,0.000000,1.000000,1.000000,2.000000,1035.000000,1035.000000,506.000000,1035.000000,1035.000000,506.000000,0.000000,0.000000,0.000000,0.000000,0.000000,0.000000,0.000000,0.000000
1.0,2026082701.000000,40.000000,6.000000,10.000000,5.000000,0.000000,1.000000,1.000000,3.000000,1036.000000,1036.000000,507.000000,1036.000000,1036.000000,507.000000,0.000000,0.000000,0.000000,0.000000,0.000000,0.000000,0.000000,0.000000
1.0,2026082701.000000,40.000000,6.000000,10.000000,5.000000,0.000000,1.000000,1.000000,4.000000,1037.000000,1037.000000,508.000000,1037.000000,1037.000000,508.000000,0.000000,0.000000,0.000000,0.000000,0.000000,0.000000,0.000000,0.000000
1.0,2026082701.000000,40.000000,6.000000,10.000000,5.000000,0.000000,1.000000,2.000000,1.000000,1038.000000,1038.000000,509.000000,1038.000000,1038.000000,509.000000,0.000000,0.000000,0.000000,0.000000,0.000000,0.000000,0.000000,0.000000
1.0,2026082701.000000,40.000000,6.000000,10.000000,5.000000,0.000000,1.000000,2.000000,2.000000,1039.000000,1039.000000,510.000000,1039.000000,1039.000000,510.000000,0.000000,0.000000,0.000000,0.000000,0.000000,0.000000,0.000000,0.000000
1.0,2026082701.000000,40.000000,6.000000,10.000000,5.000000,0.000000,1.000000,2.000000,3.000000,1040.000000,1040.000000,511.000000,1040.000000,1040.000000,511.000000,0.000000,0.000000,0.000000,0.000000,0.000000,0.000000,0.000000,0.000000
1.0,2026082701.000000,40.000000,6.000000,10.000000,5.000000,0.000000,1.000000,2.000000,4.000000,1041.000000,1041.000000,512.000000,1041.000000,1041.000000,512.000000,0.000000,0.000000,0.000000,0.000000,0.000000,0.000000,0.000000,0.000000
1.0,2026082701.000000,40.000000,6.000000,11.000000,5.000000,45.000000,1.000000,1.000000,1.000000,1042.000000,1042.000000,513.000000,1042.000000,1042.000000,513.000000,0.000000,0.000000,0.000000,0.000000,0.000000,0.000000,0.000000,0.000000
1.0,2026082701.000000,40.000000,6.000000,11.000000,5.000000,45.000000,1.000000,1.000000,2.000000,1043.000000,1043.000000,514.000000,1043.000000,1043.000000,514.000000,0.000000,0.000000,0.000000,0.000000,0.000000,0.000000,0.000000,0.000000
1.0,2026082701.000000,40.000000,6.000000,11.000000,5.000000,45.000000,1.000000,1.000000,3.000000,1044.000000,1044.000000,515.000000,1044.000000,1044.000000,515.000000,0.000000,0.000000,0.000000,0.000000,0.000000,0.000000,0.000000,0.000000
1.0,2026082701.000000,40.000000,6.000000,11.000000,5.000000,45.000000,1.000000,1.000000,4.000000,1045.000000,1045.000000,516.000000,1045.000000,1045.000000,516.000000,0.000000,0.000000,0.000000,0.000000,0.000000,0.000000,0.000000,0.000000
1.0,2026082701.000000,40.000000,6.000000,11.000000,5.000000,45.000000,1.000000,2.000000,1.000000,1046.000000,1046.000000,517.000000,1046.000000,1046.000000,517.000000,0.000000,0.000000,0.000000,0.000000,0.000000,0.000000,0.000000,0.000000
1.0,2026082701.000000,40.000000,6.000000,11.000000,5.000000,45.000000,1.000000,2.000000,2.000000,1047.000000,1047.000000,518.000000,1047.000000,1047.000000,518.000000,0.000000,0.000000,0.000000,0.000000,0.000000,0.000000,0.000000,0.000000
1.0,2026082701.000000,40.000000,6.000000,11.000000,5.000000,45.000000,1.000000,2.000000,3.000000,1048.000000,1048.000000,519.000000,1048.000000,1048.000000,519.000000,0.000000,0.000000,0.000000,0.000000,0.000000,0.000000,0.000000,0.000000
1.0,2026082701.000000,40.000000,6.000000,11.000000,5.000000,45.000000,1.000000,2.000000,4.000000,1049.000000,1049.000000,520.000000,1049.000000,1049.000000,520.000000,0.000000,0.000000,0.000000,0.000000,0.000000,0.000000,0.000000,0.000000
1.0,2026082701.000000,40.000000,6.000000,12.000000,5.000000,90.000000,1.000000,1.000000,1.000000,1050.000000,1050.000000,521.000000,1050.000000,1050.000000,521.000000,0.000000,0.000000,0.000000,0.000000,0.000000,0.000000,0.000000,0.000000
1.0,2026082701.000000,40.000000,6.000000,12.000000,5.000000,90.000000,1.000000,1.000000,2.000000,1051.000000,1051.000000,522.000000,1051.000000,1051.000000,522.000000,0.000000,0.000000,0.000000,0.000000,0.000000,0.000000,0.000000,0.000000
1.0,2026082701.000000,40.000000,6.000000,12.000000,5.000000,90.000000,1.000000,1.000000,3.000000,1052.000000,1052.000000,523.000000,1052.000000,1052.000000,523.000000,0.000000,0.000000,0.000000,0.000000,0.000000,0.000000,0.000000,0.000000
1.0,2026082701.000000,40.000000,6.000000,12.000000,5.000000,90.000000,1.000000,1.000000,4.000000,1053.000000,1053.000000,524.000000,1053.000000,1053.000000,524.000000,0.000000,0.000000,0.000000,0.000000,0.000000,0.000000,0.000000,0.000000
1.0,2026082701.000000,40.000000,6.000000,12.000000,5.000000,90.000000,1.000000,2.000000,1.000000,1054.000000,1054.000000,525.000000,1054.000000,1054.000000,525.000000,0.000000,0.000000,0.000000,0.000000,0.000000,0.000000,0.000000,0.000000
1.0,2026082701.000000,40.000000,6.000000,12.000000,5.000000,90.000000,1.000000,2.000000,2.000000,1055.000000,1055.000000,526.000000,1055.000000,1055.000000,526.000000,0.000000,0.000000,0.000000,0.000000,0.000000,0.000000,0.000000,0.000000
1.0,2026082701.000000,40.000000,6.000000,12.000000,5.000000,90.000000,1.000000,2.000000,3.000000,1056.000000,1056.000000,527.000000,1056.000000,1056.000000,527.000000,0.000000,0.000000,0.000000,0.000000,0.000000,0.000000,0.000000,0.000000
1.0,2026082701.000000,40.000000,6.000000,12.000000,5.000000,90.000000,1.000000,2.000000,4.000000,1057.000000,1057.000000,528.000000,1057.000000,1057.000000,528.000000,0.000000,0.000000,0.000000,0.000000,0.000000,0.000000,0.000000,0.000000
1.0,2026082701.000000,40.000000,6.000000,13.000000,5.000000,180.000000,1.000000,1.000000,1.000000,1058.000000,1058.000000,529.000000,1058.000000,1058.000000,529.000000,0.000000,0.000000,0.000000,0.000000,0.000000,0.000000,0.000000,0.000000
1.0,2026082701.000000,40.000000,6.000000,13.000000,5.000000,180.000000,1.000000,1.000000,2.000000,1060.000000,1060.000000,530.000000,1060.000000,1060.000000,530.000000,0.000000,0.000000,0.000000,1.000000,1.000000,0.000000,0.000000,0.000000
1.0,2026082701.000000,40.000000,6.000000,13.000000,5.000000,180.000000,1.000000,1.000000,3.000000,1061.000000,1061.000000,531.000000,1061.000000,1061.000000,531.000000,0.000000,0.000000,0.000000,0.000000,0.000000,0.000000,0.000000,0.000000
1.0,2026082701.000000,40.000000,6.000000,13.000000,5.000000,180.000000,1.000000,1.000000,4.000000,1062.000000,1062.000000,532.000000,1062.000000,1062.000000,532.000000,0.000000,0.000000,0.000000,0.000000,0.000000,0.000000,0.000000,0.000000
1.0,2026082701.000000,40.000000,6.000000,13.000000,5.000000,180.000000,1.000000,2.000000,1.000000,1063.000000,1063.000000,533.000000,1063.000000,1063.000000,533.000000,0.000000,0.000000,0.000000,0.000000,0.000000,0.000000,0.000000,0.000000
1.0,2026082701.000000,40.000000,6.000000,13.000000,5.000000,180.000000,1.000000,2.000000,2.000000,1064.000000,1064.000000,534.000000,1064.000000,1064.000000,534.000000,0.000000,0.000000,0.000000,0.000000,0.000000,0.000000,0.000000,0.000000
1.0,2026082701.000000,40.000000,6.000000,13.000000,5.000000,180.000000,1.000000,2.000000,3.000000,1065.000000,1065.000000,535.000000,1065.000000,1065.000000,535.000000,0.000000,0.000000,0.000000,0.000000,0.000000,0.000000,0.000000,0.000000
1.0,2026082701.000000,40.000000,6.000000,13.000000,5.000000,180.000000,1.000000,2.000000,4.000000,1066.000000,1066.000000,536.000000,1066.000000,1066.000000,536.000000,0.000000,0.000000,0.000000,0.000000,0.000000,0.000000,0.000000,0.000000
1.0,2026082701.000000,40.000000,6.000000,14.000000,5.000000,225.000000,1.000000,1.000000,1.000000,1067.000000,1067.000000,537.000000,1067.000000,1067.000000,537.000000,0.000000,0.000000,0.000000,0.000000,0.000000,0.000000,0.000000,0.000000
1.0,2026082701.000000,40.000000,6.000000,14.000000,5.000000,225.000000,1.000000,1.000000,2.000000,1068.000000,1068.000000,538.000000,1068.000000,1068.000000,538.000000,0.000000,0.000000,0.000000,0.000000,0.000000,0.000000,0.000000,0.000000
1.0,2026082701.000000,40.000000,6.000000,14.000000,5.000000,225.000000,1.000000,1.000000,3.000000,1069.000000,1069.000000,539.000000,1069.000000,1069.000000,539.000000,0.000000,0.000000,0.000000,0.000000,0.000000,0.000000,0.000000,0.000000
1.0,2026082701.000000,40.000000,6.000000,14.000000,5.000000,225.000000,1.000000,1.000000,4.000000,1070.000000,1070.000000,540.000000,1070.000000,1070.000000,540.000000,0.000000,0.000000,0.000000,0.000000,0.000000,0.000000,0.000000,0.000000
1.0,2026082701.000000,40.000000,6.000000,14.000000,5.000000,225.000000,1.000000,2.000000,1.000000,1071.000000,1071.000000,541.000000,1071.000000,1071.000000,541.000000,0.000000,0.000000,0.000000,0.000000,0.000000,0.000000,0.000000,0.000000
1.0,2026082701.000000,40.000000,6.000000,14.000000,5.000000,225.000000,1.000000,2.000000,2.000000,1072.000000,1072.000000,542.000000,1072.000000,1072.000000,542.000000,0.000000,0.000000,0.000000,0.000000,0.000000,0.000000,0.000000,0.000000
1.0,2026082701.000000,40.000000,6.000000,14.000000,5.000000,225.000000,1.000000,2.000000,3.000000,1073.000000,1073.000000,543.000000,1073.000000,1073.000000,543.000000,0.000000,0.000000,0.000000,0.000000,0.000000,0.000000,0.000000,0.000000
1.0,2026082701.000000,40.000000,6.000000,14.000000,5.000000,225.000000,1.000000,2.000000,4.000000,1074.000000,1074.000000,544.000000,1074.000000,1074.000000,544.000000,0.000000,0.000000,0.000000,0.000000,0.000000,0.000000,0.000000,0.000000
1.0,2026082701.000000,40.000000,6.000000,15.000000,5.000000,270.000000,1.000000,1.000000,1.000000,1075.000000,1075.000000,545.000000,1075.000000,1075.000000,545.000000,0.000000,0.000000,0.000000,0.000000,0.000000,0.000000,0.000000,0.000000
1.0,2026082701.000000,40.000000,6.000000,15.000000,5.000000,270.000000,1.000000,1.000000,2.000000,1076.000000,1076.000000,546.000000,1076.000000,1076.000000,546.000000,0.000000,0.000000,0.000000,0.000000,0.000000,0.000000,0.000000,0.000000
1.0,2026082701.000000,40.000000,6.000000,15.000000,5.000000,270.000000,1.000000,1.000000,3.000000,1077.000000,1077.000000,547.000000,1077.000000,1077.000000,547.000000,0.000000,0.000000,0.000000,0.000000,0.000000,0.000000,0.000000,0.000000
1.0,2026082701.000000,40.000000,6.000000,15.000000,5.000000,270.000000,1.000000,1.000000,4.000000,1078.000000,1078.000000,548.000000,1078.000000,1078.000000,548.000000,0.000000,0.000000,0.000000,0.000000,0.000000,0.000000,0.000000,0.000000
1.0,2026082701.000000,40.000000,6.000000,15.000000,5.000000,270.000000,1.000000,2.000000,1.000000,1079.000000,1079.000000,549.000000,1079.000000,1079.000000,549.000000,0.000000,0.000000,0.000000,0.000000,0.000000,0.000000,0.000000,0.000000
1.0,2026082701.000000,40.000000,6.000000,15.000000,5.000000,270.000000,1.000000,2.000000,2.000000,1080.000000,1080.000000,550.000000,1080.000000,1080.000000,550.000000,0.000000,0.000000,0.000000,0.000000,0.000000,0.000000,0.000000,0.000000
1.0,2026082701.000000,40.000000,6.000000,15.000000,5.000000,270.000000,1.000000,2.000000,3.000000,1081.000000,1081.000000,551.000000,1081.000000,1081.000000,551.000000,0.000000,0.000000,0.000000,0.000000,0.000000,0.000000,0.000000,0.000000
1.0,2026082701.000000,40.000000,6.000000,15.000000,5.000000,270.000000,1.000000,2.000000,4.000000,1082.000000,1082.000000,552.000000,1082.000000,1082.000000,552.000000,0.000000,0.000000,0.000000,0.000000,0.000000,0.000000,0.000000,0.000000
1.0,2026082701.000000,40.000000,6.000000,16.000000,5.000000,0.000000,1.000000,1.000000,1.000000,1083.000000,1083.000000,553.000000,1083.000000,1083.000000,553.000000,0.000000,0.000000,0.000000,0.000000,0.000000,0.000000,0.000000,0.000000
1.0,2026082701.000000,40.000000,6.000000,16.000000,5.000000,0.000000,1.000000,1.000000,2.000000,1084.000000,1084.000000,554.000000,1084.000000,1084.000000,554.000000,0.000000,0.000000,0.000000,0.000000,0.000000,0.000000,0.000000,0.000000
1.0,2026082701.000000,40.000000,6.000000,16.000000,5.000000,0.000000,1.000000,1.000000,3.000000,1085.000000,1085.000000,555.000000,1085.000000,1085.000000,555.000000,0.000000,0.000000,0.000000,0.000000,0.000000,0.000000,0.000000,0.000000
1.0,2026082701.000000,40.000000,6.000000,16.000000,5.000000,0.000000,1.000000,1.000000,4.000000,1086.000000,1086.000000,556.000000,1086.000000,1086.000000,556.000000,0.000000,0.000000,0.000000,0.000000,0.000000,0.000000,0.000000,0.000000
1.0,2026082701.000000,40.000000,6.000000,16.000000,5.000000,0.000000,1.000000,2.000000,1.000000,1087.000000,1087.000000,557.000000,1087.000000,1087.000000,557.000000,0.000000,0.000000,0.000000,0.000000,0.000000,0.000000,0.000000,0.000000
1.0,2026082701.000000,40.000000,6.000000,16.000000,5.000000,0.000000,1.000000,2.000000,2.000000,1088.000000,1088.000000,558.000000,1088.000000,1088.000000,558.000000,0.000000,0.000000,0.000000,0.000000,0.000000,0.000000,0.000000,0.000000
1.0,2026082701.000000,40.000000,6.000000,16.000000,5.000000,0.000000,1.000000,2.000000,3.000000,1089.000000,1089.000000,559.000000,1089.000000,1089.000000,559.000000,0.000000,0.000000,0.000000,0.000000,0.000000,0.000000,0.000000,0.000000
1.0,2026082701.000000,40.000000,6.000000,16.000000,5.000000,0.000000,1.000000,2.000000,4.000000,1090.000000,1090.000000,560.000000,1090.000000,1090.000000,560.000000,0.000000,0.000000,0.000000,0.000000,0.000000,0.000000,0.000000,0.000000
1.0,2026082701.000000,40.000000,6.000000,17.000000,-5.000000,0.000000,1.000000,1.000000,1.000000,1091.000000,1091.000000,561.000000,1091.000000,1091.000000,561.000000,0.000000,0.000000,0.000000,0.000000,0.000000,0.000000,0.000000,0.000000
1.0,2026082701.000000,40.000000,6.000000,17.000000,-5.000000,0.000000,1.000000,1.000000,2.000000,1092.000000,1092.000000,562.000000,1092.000000,1092.000000,562.000000,0.000000,0.000000,0.000000,0.000000,0.000000,0.000000,0.000000,0.000000
1.0,2026082701.000000,40.000000,6.000000,17.000000,-5.000000,0.000000,1.000000,1.000000,3.000000,1093.000000,1093.000000,563.000000,1093.000000,1093.000000,563.000000,0.000000,0.000000,0.000000,0.000000,0.000000,0.000000,0.000000,0.000000
1.0,2026082701.000000,40.000000,6.000000,17.000000,-5.000000,0.000000,1.000000,1.000000,4.000000,1094.000000,1094.000000,564.000000,1094.000000,1094.000000,564.000000,0.000000,0.000000,0.000000,0.000000,0.000000,0.000000,0.000000,0.000000
1.0,2026082701.000000,40.000000,6.000000,17.000000,-5.000000,0.000000,1.000000,2.000000,1.000000,1099.000000,1099.000000,565.000000,1099.000000,1099.000000,565.000000,0.000000,0.000000,0.000000,4.000000,4.000000,0.000000,0.000000,0.000000
1.0,2026082701.000000,40.000000,6.000000,17.000000,-5.000000,0.000000,1.000000,2.000000,2.000000,1100.000000,1100.000000,566.000000,1100.000000,1100.000000,566.000000,0.000000,0.000000,0.000000,0.000000,0.000000,0.000000,0.000000,0.000000
1.0,2026082701.000000,40.000000,6.000000,17.000000,-5.000000,0.000000,1.000000,2.000000,3.000000,1101.000000,1101.000000,567.000000,1101.000000,1101.000000,567.000000,0.000000,0.000000,0.000000,0.000000,0.000000,0.000000,0.000000,0.000000
1.0,2026082701.000000,40.000000,6.000000,17.000000,-5.000000,0.000000,1.000000,2.000000,4.000000,1102.000000,1102.000000,568.000000,1102.000000,1102.000000,568.000000,0.000000,0.000000,0.000000,0.000000,0.000000,0.000000,0.000000,0.000000
1.0,2026082701.000000,40.000000,6.000000,18.000000,-5.000000,45.000000,1.000000,1.000000,1.000000,1103.000000,1103.000000,569.000000,1103.000000,1103.000000,569.000000,0.000000,0.000000,0.000000,0.000000,0.000000,0.000000,0.000000,0.000000
1.0,2026082701.000000,40.000000,6.000000,18.000000,-5.000000,45.000000,1.000000,1.000000,2.000000,1104.000000,1104.000000,570.000000,1104.000000,1104.000000,570.000000,0.000000,0.000000,0.000000,0.000000,0.000000,0.000000,0.000000,0.000000
1.0,2026082701.000000,40.000000,6.000000,18.000000,-5.000000,45.000000,1.000000,1.000000,3.000000,1105.000000,1105.000000,571.000000,1105.000000,1105.000000,571.000000,0.000000,0.000000,0.000000,0.000000,0.000000,0.000000,0.000000,0.000000
1.0,2026082701.000000,40.000000,6.000000,18.000000,-5.000000,45.000000,1.000000,1.000000,4.000000,1106.000000,1106.000000,572.000000,1106.000000,1106.000000,572.000000,0.000000,0.000000,0.000000,0.000000,0.000000,0.000000,0.000000,0.000000
1.0,2026082701.000000,40.000000,6.000000,18.000000,-5.000000,45.000000,1.000000,2.000000,1.000000,1107.000000,1107.000000,573.000000,1107.000000,1107.000000,573.000000,0.000000,0.000000,0.000000,0.000000,0.000000,0.000000,0.000000,0.000000
1.0,2026082701.000000,40.000000,6.000000,18.000000,-5.000000,45.000000,1.000000,2.000000,2.000000,1108.000000,1108.000000,574.000000,1108.000000,1108.000000,574.000000,0.000000,0.000000,0.000000,0.000000,0.000000,0.000000,0.000000,0.000000
1.0,2026082701.000000,40.000000,6.000000,18.000000,-5.000000,45.000000,1.000000,2.000000,3.000000,1109.000000,1109.000000,575.000000,1109.000000,1109.000000,575.000000,0.000000,0.000000,0.000000,0.000000,0.000000,0.000000,0.000000,0.000000
1.0,2026082701.000000,40.000000,6.000000,18.000000,-5.000000,45.000000,1.000000,2.000000,4.000000,1110.000000,1110.000000,576.000000,1110.000000,1110.000000,576.000000,0.000000,0.000000,0.000000,0.000000,0.000000,0.000000,0.000000,0.000000
1.0,2026082701.000000,40.000000,6.000000,19.000000,-5.000000,90.000000,1.000000,1.000000,1.000000,1111.000000,1111.000000,577.000000,1111.000000,1111.000000,577.000000,0.000000,0.000000,0.000000,0.000000,0.000000,0.000000,0.000000,0.000000
1.0,2026082701.000000,40.000000,6.000000,19.000000,-5.000000,90.000000,1.000000,1.000000,2.000000,1115.000000,1115.000000,578.000000,1115.000000,1115.000000,578.000000,0.000000,0.000000,0.000000,3.000000,3.000000,0.000000,0.000000,0.000000
1.0,2026082701.000000,40.000000,6.000000,19.000000,-5.000000,90.000000,1.000000,1.000000,3.000000,1116.000000,1116.000000,579.000000,1116.000000,1116.000000,579.000000,0.000000,0.000000,0.000000,0.000000,0.000000,0.000000,0.000000,0.000000
1.0,2026082701.000000,40.000000,6.000000,19.000000,-5.000000,90.000000,1.000000,1.000000,4.000000,1117.000000,1117.000000,580.000000,1117.000000,1117.000000,580.000000,0.000000,0.000000,0.000000,0.000000,0.000000,0.000000,0.000000,0.000000
1.0,2026082701.000000,40.000000,6.000000,19.000000,-5.000000,90.000000,1.000000,2.000000,1.000000,1118.000000,1118.000000,581.000000,1118.000000,1118.000000,581.000000,0.000000,0.000000,0.000000,0.000000,0.000000,0.000000,0.000000,0.000000
1.0,2026082701.000000,40.000000,6.000000,19.000000,-5.000000,90.000000,1.000000,2.000000,2.000000,1119.000000,1119.000000,582.000000,1119.000000,1119.000000,582.000000,0.000000,0.000000,0.000000,0.000000,0.000000,0.000000,0.000000,0.000000
1.0,2026082701.000000,40.000000,6.000000,19.000000,-5.000000,90.000000,1.000000,2.000000,3.000000,1121.000000,1121.000000,583.000000,1121.000000,1121.000000,583.000000,0.000000,0.000000,0.000000,1.000000,1.000000,0.000000,0.000000,0.000000
1.0,2026082701.000000,40.000000,6.000000,19.000000,-5.000000,90.000000,1.000000,2.000000,4.000000,1122.000000,1122.000000,584.000000,1122.000000,1122.000000,584.000000,0.000000,0.000000,0.000000,0.000000,0.000000,0.000000,0.000000,0.000000
1.0,2026082701.000000,40.000000,6.000000,20.000000,-5.000000,180.000000,1.000000,1.000000,1.000000,1123.000000,1123.000000,585.000000,1123.000000,1123.000000,585.000000,0.000000,0.000000,0.000000,0.000000,0.000000,0.000000,0.000000,0.000000
1.0,2026082701.000000,40.000000,6.000000,20.000000,-5.000000,180.000000,1.000000,1.000000,2.000000,1124.000000,1124.000000,586.000000,1124.000000,1124.000000,586.000000,0.000000,0.000000,0.000000,0.000000,0.000000,0.000000,0.000000,0.000000
1.0,2026082701.000000,40.000000,6.000000,20.000000,-5.000000,180.000000,1.000000,1.000000,3.000000,1125.000000,1125.000000,587.000000,1125.000000,1125.000000,587.000000,0.000000,0.000000,0.000000,0.000000,0.000000,0.000000,0.000000,0.000000
1.0,2026082701.000000,40.000000,6.000000,20.000000,-5.000000,180.000000,1.000000,1.000000,4.000000,1126.000000,1126.000000,588.000000,1126.000000,1126.000000,588.000000,0.000000,0.000000,0.000000,0.000000,0.000000,0.000000,0.000000,0.000000
1.0,2026082701.000000,40.000000,6.000000,20.000000,-5.000000,180.000000,1.000000,2.000000,1.000000,1127.000000,1127.000000,589.000000,1127.000000,1127.000000,589.000000,0.000000,0.000000,0.000000,0.000000,0.000000,0.000000,0.000000,0.000000
1.0,2026082701.000000,40.000000,6.000000,20.000000,-5.000000,180.000000,1.000000,2.000000,2.000000,1128.000000,1128.000000,590.000000,1128.000000,1128.000000,590.000000,0.000000,0.000000,0.000000,0.000000,0.000000,0.000000,0.000000,0.000000
1.0,2026082701.000000,40.000000,6.000000,20.000000,-5.000000,180.000000,1.000000,2.000000,3.000000,1129.000000,1129.000000,591.000000,1129.000000,1129.000000,591.000000,0.000000,0.000000,0.000000,0.000000,0.000000,0.000000,0.000000,0.000000
1.0,2026082701.000000,40.000000,6.000000,20.000000,-5.000000,180.000000,1.000000,2.000000,4.000000,1130.000000,1130.000000,592.000000,1130.000000,1130.000000,592.000000,0.000000,0.000000,0.000000,0.000000,0.000000,0.000000,0.000000,0.000000
1.0,2026082701.000000,40.000000,6.000000,21.000000,-5.000000,225.000000,1.000000,1.000000,1.000000,1131.000000,1131.000000,593.000000,1131.000000,1131.000000,593.000000,0.000000,0.000000,0.000000,0.000000,0.000000,0.000000,0.000000,0.000000
1.0,2026082701.000000,40.000000,6.000000,21.000000,-5.000000,225.000000,1.000000,1.000000,2.000000,1135.000000,1135.000000,594.000000,1136.000000,1136.000000,594.000000,1.000000,1.000000,0.000000,3.000000,4.000000,0.000000,0.000000,0.000000
1.0,2026082701.000000,40.000000,6.000000,21.000000,-5.000000,225.000000,1.000000,1.000000,3.000000,1137.000000,1137.000000,595.000000,1137.000000,1137.000000,595.000000,0.000000,0.000000,0.000000,0.000000,0.000000,0.000000,0.000000,0.000000
1.0,2026082701.000000,40.000000,6.000000,21.000000,-5.000000,225.000000,1.000000,1.000000,4.000000,1138.000000,1138.000000,596.000000,1138.000000,1138.000000,596.000000,0.000000,0.000000,0.000000,0.000000,0.000000,0.000000,0.000000,0.000000
1.0,2026082701.000000,40.000000,6.000000,21.000000,-5.000000,225.000000,1.000000,2.000000,1.000000,1139.000000,1139.000000,597.000000,1139.000000,1139.000000,597.000000,0.000000,0.000000,0.000000,0.000000,0.000000,0.000000,0.000000,0.000000
1.0,2026082701.000000,40.000000,6.000000,21.000000,-5.000000,225.000000,1.000000,2.000000,2.000000,1141.000000,1141.000000,598.000000,1141.000000,1141.000000,598.000000,0.000000,0.000000,0.000000,1.000000,1.000000,0.000000,0.000000,0.000000
1.0,2026082701.000000,40.000000,6.000000,21.000000,-5.000000,225.000000,1.000000,2.000000,3.000000,1142.000000,1142.000000,599.000000,1142.000000,1142.000000,599.000000,0.000000,0.000000,0.000000,0.000000,0.000000,0.000000,0.000000,0.000000
1.0,2026082701.000000,40.000000,6.000000,21.000000,-5.000000,225.000000,1.000000,2.000000,4.000000,1143.000000,1143.000000,600.000000,1143.000000,1143.000000,600.000000,0.000000,0.000000,0.000000,0.000000,0.000000,0.000000,0.000000,0.000000
1.0,2026082701.000000,40.000000,6.000000,22.000000,-5.000000,270.000000,1.000000,1.000000,1.000000,1146.000000,1146.000000,601.000000,1146.000000,1146.000000,601.000000,0.000000,0.000000,0.000000,2.000000,2.000000,0.000000,0.000000,0.000000
1.0,2026082701.000000,40.000000,6.000000,22.000000,-5.000000,270.000000,1.000000,1.000000,2.000000,1147.000000,1147.000000,602.000000,1147.000000,1147.000000,602.000000,0.000000,0.000000,0.000000,0.000000,0.000000,0.000000,0.000000,0.000000
1.0,2026082701.000000,40.000000,6.000000,22.000000,-5.000000,270.000000,1.000000,1.000000,3.000000,1148.000000,1148.000000,603.000000,1148.000000,1148.000000,603.000000,0.000000,0.000000,0.000000,0.000000,0.000000,0.000000,0.000000,0.000000
1.0,2026082701.000000,40.000000,6.000000,22.000000,-5.000000,270.000000,1.000000,1.000000,4.000000,1149.000000,1149.000000,604.000000,1149.000000,1149.000000,604.000000,0.000000,0.000000,0.000000,0.000000,0.000000,0.000000,0.000000,0.000000
1.0,2026082701.000000,40.000000,6.000000,22.000000,-5.000000,270.000000,1.000000,2.000000,1.000000,1150.000000,1150.000000,605.000000,1150.000000,1150.000000,605.000000,0.000000,0.000000,0.000000,0.000000,0.000000,0.000000,0.000000,0.000000
1.0,2026082701.000000,40.000000,6.000000,22.000000,-5.000000,270.000000,1.000000,2.000000,2.000000,1154.000000,1154.000000,606.000000,1159.000000,1159.000000,606.000000,5.000000,5.000000,0.000000,3.000000,8.000000,0.000000,0.000000,0.000000
1.0,2026082701.000000,40.000000,6.000000,22.000000,-5.000000,270.000000,1.000000,2.000000,3.000000,1160.000000,1160.000000,607.000000,1160.000000,1160.000000,607.000000,0.000000,0.000000,0.000000,0.000000,0.000000,0.000000,0.000000,0.000000
1.0,2026082701.000000,40.000000,6.000000,22.000000,-5.000000,270.000000,1.000000,2.000000,4.000000,1161.000000,1161.000000,608.000000,1161.000000,1161.000000,608.000000,0.000000,0.000000,0.000000,0.000000,0.000000,0.000000,0.000000,0.000000
1.0,2026082701.000000,40.000000,6.000000,23.000000,-5.000000,0.000000,1.000000,1.000000,1.000000,1162.000000,1162.000000,609.000000,1162.000000,1162.000000,609.000000,0.000000,0.000000,0.000000,0.000000,0.000000,0.000000,0.000000,0.000000
1.0,2026082701.000000,40.000000,6.000000,23.000000,-5.000000,0.000000,1.000000,1.000000,2.000000,1164.000000,1164.000000,610.000000,1164.000000,1164.000000,610.000000,0.000000,0.000000,0.000000,1.000000,1.000000,0.000000,0.000000,0.000000
1.0,2026082701.000000,40.000000,6.000000,23.000000,-5.000000,0.000000,1.000000,1.000000,3.000000,1165.000000,1165.000000,611.000000,1165.000000,1165.000000,611.000000,0.000000,0.000000,0.000000,0.000000,0.000000,0.000000,0.000000,0.000000
1.0,2026082701.000000,40.000000,6.000000,23.000000,-5.000000,0.000000,1.000000,1.000000,4.000000,1166.000000,1166.000000,612.000000,1166.000000,1166.000000,612.000000,0.000000,0.000000,0.000000,0.000000,0.000000,0.000000,0.000000,0.000000
1.0,2026082701.000000,40.000000,6.000000,23.000000,-5.000000,0.000000,1.000000,2.000000,1.000000,1167.000000,1167.000000,613.000000,1167.000000,1167.000000,613.000000,0.000000,0.000000,0.000000,0.000000,0.000000,0.000000,0.000000,0.000000
1.0,2026082701.000000,40.000000,6.000000,23.000000,-5.000000,0.000000,1.000000,2.000000,2.000000,1169.000000,1169.000000,614.000000,1169.000000,1169.000000,614.000000,0.000000,0.000000,0.000000,1.000000,1.000000,0.000000,0.000000,0.000000
1.0,2026082701.000000,40.000000,6.000000,23.000000,-5.000000,0.000000,1.000000,2.000000,3.000000,1170.000000,1170.000000,615.000000,1170.000000,1170.000000,615.000000,0.000000,0.000000,0.000000,0.000000,0.000000,0.000000,0.000000,0.000000
1.0,2026082701.000000,40.000000,6.000000,23.000000,-5.000000,0.000000,1.000000,2.000000,4.000000,1171.000000,1171.000000,616.000000,1171.000000,1171.000000,616.000000,0.000000,0.000000,0.000000,0.000000,0.000000,0.000000,0.000000,0.000000
1.0,2026082701.000000,40.000000,6.000000,24.000000,10.000000,0.000000,1.000000,1.000000,1.000000,1172.000000,1172.000000,617.000000,1172.000000,1172.000000,617.000000,0.000000,0.000000,0.000000,0.000000,0.000000,0.000000,0.000000,0.000000
1.0,2026082701.000000,40.000000,6.000000,24.000000,10.000000,0.000000,1.000000,1.000000,2.000000,1181.000000,1181.000000,618.000000,1182.000000,1182.000000,618.000000,1.000000,1.000000,0.000000,8.000000,9.000000,1.000000,0.000000,0.000000
