campaign_id,leg_id,stage_mode,attempt_id,sample_seq,abs_b_deg,abs_c_deg,live_tool_number,expected_tool_length_mm,probe_calibration_offset_mm,probe_diameter_mm,persistent_correction_enabled,tcpc_enabled,twp_active,twp_motion_enabled,twp_valid,b_ssi_invalid,c_ssi_invalid,center_abs_x_mm,center_abs_y_mm,center_abs_z_mm,u_center_error_mm,v_center_error_mm,u_corrected_diameter_mm,v_corrected_diameter_mm,motion_tooloffset_z_mm,halui_tool_length_offset_z_mm,kins_active_tool_offset_z_mm,joint_b_cmd_deg,joint_b_fb_deg,joint_c_cmd_deg,joint_c_fb_deg,b_ssi_zeroed_deg,c_ssi_zeroed_deg,accepted_endpoint_abs_x_mm,accepted_endpoint_abs_y_mm,accepted_endpoint_abs_z_mm,joint_0_motor_pos_cmd_mm,joint_0_motor_pos_fb_mm,joint_0_motor_following_error_fb_minus_cmd_mm,joint_1_motor_pos_cmd_mm,joint_1_motor_pos_fb_mm,joint_1_motor_following_error_fb_minus_cmd_mm,joint_2_motor_pos_cmd_mm,joint_2_motor_pos_fb_mm,joint_2_motor_following_error_fb_minus_cmd_mm
2026082202.000000,1.000000,19.000000,3.000000,1.000000,0.000000,0.000000,3.000000,128.606729,0.117658,6.000000,1.000000,1.000000,0.000000,0.000000,0.000000,0.000000,0.000000,1023.959086,443.385459,-403.267971,-0.002039,0.002084,30.217167,30.170500,128.606729,128.606729,128.606729,0.000000,-0.000010,0.000000,-0.000023,-360.000010,-0.000320,1023.960083,443.384417,-380.385629,-223.257073,-223.257073,0.000000,-341.173183,-341.173183,0.000000,173.138171,173.138171,0.000000
2026082202.000000,1.000000,19.000000,3.000000,2.000000,0.000000,45.000000,3.000000,128.606729,0.117658,6.000000,1.000000,1.000000,0.000000,0.000000,0.000000,0.000000,0.000000,1023.947470,443.414939,-403.263304,-0.000372,0.000417,30.157455,30.162454,128.606729,128.606729,128.606729,0.000000,-0.000010,45.000000,44.999977,-360.000010,-44.999977,1023.947733,443.414907,-380.380962,-242.342847,-242.342847,0.000000,-348.518511,-348.518511,0.000000,173.142838,173.142838,0.000000
2026082202.000000,1.000000,19.000000,3.000000,3.000000,0.000000,90.000000,3.000000,128.606729,0.117658,6.000000,1.000000,1.000000,0.000000,0.000000,0.000000,0.000000,0.000000,1023.940167,443.448936,-403.254470,0.000718,0.002914,30.196333,30.135501,128.606729,128.606729,128.606729,0.000000,-0.000010,90.000000,90.000320,-360.000010,-90.000320,1023.941626,443.448936,-380.372129,-250.620412,-250.620411,0.000000,-367.186922,-367.186922,0.000000,173.151671,173.151671,0.000000
2026082202.000000,1.000000,19.000000,3.000000,4.000000,0.000000,135.000000,3.000000,128.606729,0.117658,6.000000,1.000000,1.000000,0.000000,0.000000,0.000000,0.000000,0.000000,1023.903264,443.448937,-403.237299,0.003794,0.003750,30.152455,30.147455,128.606729,128.606729,128.606729,0.000000,-0.000010,135.000000,134.999977,-360.000010,-134.999977,1023.905947,443.448905,-380.354957,-243.280272,-243.280272,0.000000,-386.260378,-386.260378,0.000000,173.168843,173.168843,0.000000
2026082202.000000,1.000000,19.000000,3.000000,5.000000,0.000000,180.000000,3.000000,128.606729,0.117658,6.000000,1.000000,1.000000,0.000000,0.000000,0.000000,0.000000,0.000000,1023.897785,443.441631,-403.230966,-0.001045,0.001239,30.209540,30.178833,128.606729,128.606729,128.606729,0.000000,-0.000010,180.000000,180.001007,-360.000010,-180.001007,1023.897525,443.442249,-380.348624,-224.586255,-224.586254,0.000000,-394.538491,-394.538491,0.000000,173.175176,173.175176,0.000000
2026082202.000000,1.000000,19.000000,3.000000,6.000000,0.000000,225.000000,3.000000,128.606729,0.117658,6.000000,1.000000,1.000000,0.000000,0.000000,0.000000,0.000000,0.000000,1023.910685,443.409748,-403.232133,0.000461,-0.000002,30.214121,30.219958,128.606729,128.606729,128.606729,0.000000,-0.000010,225.000000,224.999977,-360.000010,-224.999977,1023.910893,443.409954,-380.349791,-205.499461,-205.499461,0.000000,-387.194968,-387.194968,0.000000,173.174009,173.174009,0.000000
2026082202.000000,1.000000,19.000000,3.000000,7.000000,0.000000,270.000000,3.000000,128.606729,0.117658,6.000000,1.000000,1.000000,0.000000,0.000000,0.000000,0.000000,0.000000,1023.956735,443.371712,-403.242467,-0.003063,0.000415,30.193000,30.280580,128.606729,128.606729,128.606729,0.000000,-0.000010,270.000000,270.000320,-360.000010,-269.999977,1023.956510,443.370243,-380.360125,-197.182387,-197.182387,0.000000,-368.532240,-368.532240,0.000000,173.163675,173.163675,0.000000
2026082202.000000,1.000000,19.000000,3.000000,8.000000,0.000000,315.000000,3.000000,128.606729,0.117658,6.000000,1.000000,1.000000,0.000000,0.000000,0.000000,0.000000,0.000000,1023.966449,443.363559,-403.254467,-0.000789,-0.002083,30.251621,30.222455,128.606729,128.606729,128.606729,0.000000,-0.000010,315.000000,314.999977,-360.000010,-314.999977,1023.967448,443.364032,-380.372125,-204.547267,-204.547267,0.000000,-349.465025,-349.465025,0.000000,173.151675,173.151675,0.000000
2026082202.000000,1.000000,19.000000,3.000000,9.000000,0.000000,0.000000,3.000000,128.606729,0.117658,6.000000,1.000000,1.000000,0.000000,0.000000,0.000000,0.000000,0.000000,1023.961008,443.383106,-403.265634,-0.002872,0.000000,30.215500,30.168000,128.606729,128.606729,128.606729,0.000000,-0.000010,0.000000,-0.000023,-360.000010,0.000023,1023.962421,443.383105,-380.383292,-223.254734,-223.254734,0.000000,-341.174495,-341.174495,0.000000,173.140508,173.140508,0.000000
2026082202.000000,1.000000,19.000000,3.000000,10.000000,5.000000,0.000000,3.000000,128.606729,0.117658,6.000000,1.000000,1.000000,0.000000,0.000000,0.000000,0.000000,0.000000,1023.993572,443.371691,-403.262152,-0.003276,-0.002906,30.279650,30.170502,128.606729,128.606729,128.606729,5.000000,4.999799,0.000000,-0.000023,-355.000201,-0.000320,1025.989458,443.373138,-380.467021,-194.367167,-194.367167,0.000000,-341.205213,-341.205213,0.000000,171.828605,171.828605,0.000000
2026082202.000000,1.000000,19.000000,4.000000,1.000000,0.000000,0.000000,3.000000,128.606729,0.117658,6.000000,1.000000,1.000000,0.000000,0.000000,0.000000,0.000000,0.000000,1023.973084,443.358166,-403.268804,0.005125,0.002500,30.223160,30.169667,128.606729,128.606729,128.606729,0.000000,-0.000010,0.000000,-0.000023,-360.000010,-0.000320,1023.970499,443.356917,-380.386462,-223.246656,-223.246656,0.000000,-341.200683,-341.200683,0.000000,173.137338,173.137338,0.000000
2026082202.000000,1.000000,19.000000,4.000000,2.000000,0.000000,45.000000,3.000000,128.606729,0.117658,6.000000,1.000000,1.000000,0.000000,0.000000,0.000000,0.000000,0.000000,1023.961819,443.388696,-403.267471,-0.003705,-0.003333,30.157455,30.158288,128.606729,128.606729,128.606729,0.000000,-0.000010,45.000000,45.000320,-360.000010,-45.000320,1023.961935,443.391168,-380.385129,-242.328646,-242.328646,0.000000,-348.542250,-348.542250,0.000000,173.138671,173.138671,0.000000
2026082202.000000,1.000000,19.000000,4.000000,3.000000,0.000000,90.000000,3.000000,128.606729,0.117658,6.000000,1.000000,1.000000,0.000000,0.000000,0.000000,0.000000,0.000000,1023.955973,443.419569,-403.257805,0.000958,0.000835,30.201493,30.137996,128.606729,128.606729,128.606729,0.000000,-0.000010,90.000000,89.999977,-360.000010,-89.999977,1023.956390,443.419108,-380.375463,-250.605648,-250.605648,0.000000,-367.216750,-367.216750,0.000000,173.148337,173.148337,0.000000
2026082202.000000,1.000000,19.000000,5.000000,1.000000,0.000000,0.000000,3.000000,128.606729,0.117658,6.000000,1.000000,1.000000,0.000000,0.000000,0.000000,0.000000,0.000000,1023.988877,443.355876,-403.273804,0.004211,0.002084,30.219667,30.168833,128.606729,128.606729,128.606729,0.000000,-0.000010,0.000000,-0.000023,-360.000010,0.000023,1023.986749,443.354834,-380.391462,-223.230406,-223.230406,0.000000,-341.202766,-341.202766,0.000000,173.132338,173.132338,0.000000
2026082202.000000,1.000000,19.000000,5.000000,2.000000,0.000000,45.000000,3.000000,128.606729,0.117658,6.000000,1.000000,1.000000,0.000000,0.000000,0.000000,0.000000,0.000000,1023.973576,443.383551,-403.271638,0.000541,0.000000,30.154281,30.163288,128.606729,128.606729,128.606729,0.000000,-0.000010,45.000000,44.999977,-360.000010,-44.999977,1023.973368,443.383345,-380.389295,-242.317213,-242.317212,0.000000,-348.550074,-348.550074,0.000000,173.134504,173.134504,0.000000
2026082202.000000,1.000000,19.000000,7.000000,1.000000,0.000000,0.000000,3.000000,128.606729,0.117658,6.000000,1.000000,1.000000,0.000000,0.000000,0.000000,0.000000,0.000000,1024.008787,443.339624,-403.282135,-0.002545,-0.001249,30.218181,30.167168,128.606729,128.606729,128.606729,0.000000,-0.000010,0.000000,-0.000023,-360.000010,-359.999977,1024.010499,443.340248,-380.399795,27.380099,27.380099,0.000000,47.916048,47.916048,0.000000,-7.136795,-7.136795,0.000000
2026082202.000000,1.000000,19.000000,7.000000,2.000000,0.000000,45.000000,3.000000,128.606729,0.117658,6.000000,1.000000,1.000000,0.000000,0.000000,0.000000,0.000000,0.000000,1023.988655,443.367566,-403.278302,0.000045,-0.000416,30.151621,30.159121,128.606729,128.606729,128.606729,0.000000,-0.000010,45.000000,44.999977,-360.000010,-404.999977,1023.988477,443.367681,-380.395960,8.284651,8.284651,0.000000,40.567663,40.567663,0.000000,-7.132960,-7.132960,0.000000
2026082202.000000,1.000000,19.000000,7.000000,3.000000,0.000000,90.000000,3.000000,128.606729,0.117658,6.000000,1.000000,1.000000,0.000000,0.000000,0.000000,0.000000,0.000000,1023.987607,443.392368,-403.266136,0.002625,0.001250,30.193160,30.128834,128.606729,128.606729,128.606729,0.000000,-0.000010,90.000000,89.999977,-359.999667,-449.999977,1023.988232,443.391033,-380.383794,0.012949,0.012949,0.000000,21.888575,21.888575,0.000000,-7.120794,-7.120794,0.000000
2026082202.000000,1.000000,19.000000,7.000000,4.000000,0.000000,135.000000,3.000000,128.606729,0.117658,6.000000,1.000000,1.000000,0.000000,0.000000,0.000000,0.000000,0.000000,1023.958867,443.393452,-403.253969,-0.000789,-0.001666,30.144955,30.133288,128.606729,128.606729,128.606729,0.000000,-0.000010,135.000000,134.999977,-360.000010,-494.999977,1023.958015,443.393126,-380.371627,7.358551,7.358551,0.000000,2.817243,2.817243,0.000000,-7.108627,-7.108627,0.000000
2026082202.000000,1.000000,19.000000,7.000000,5.000000,0.000000,180.000000,3.000000,128.606729,0.117658,6.000000,1.000000,1.000000,0.000000,0.000000,0.000000,0.000000,0.000000,1023.960226,443.387404,-403.246803,-0.004025,0.002084,30.213834,30.177182,128.606729,128.606729,128.606729,0.000000,-0.000010,180.000000,180.001007,-360.000010,-540.001007,1023.958236,443.388449,-380.364461,26.061212,26.061212,0.000000,-5.458891,-5.458891,0.000000,-7.101461,-7.101461,0.000000
2026082202.000000,1.000000,19.000000,7.000000,6.000000,0.000000,225.000000,3.000000,128.606729,0.117658,6.000000,1.000000,1.000000,0.000000,0.000000,0.000000,0.000000,0.000000,1023.973437,443.361614,-403.246303,-0.000292,0.000000,30.208961,30.216621,128.606729,128.606729,128.606729,0.000000,-0.000010,225.000000,224.999977,-360.000010,-584.999977,1023.973350,443.361526,-380.363961,45.149751,45.149751,0.000000,1.890004,1.890004,0.000000,-7.100961,-7.100961,0.000000
2026082202.000000,1.000000,19.000000,7.000000,7.000000,0.000000,270.000000,3.000000,128.606729,0.117658,6.000000,1.000000,1.000000,0.000000,0.000000,0.000000,0.000000,0.000000,1024.013680,443.329494,-403.254137,0.000654,-0.002117,30.189540,30.277175,128.606729,128.606729,128.606729,0.000000,-0.000010,270.000000,269.996887,-360.000010,-629.996887,1024.014731,443.330564,-380.371795,53.462590,53.462589,0.000000,20.561482,20.561482,0.000000,-7.108795,-7.108795,0.000000
2026082202.000000,1.000000,19.000000,7.000000,8.000000,0.000000,315.000000,3.000000,128.606729,0.117658,6.000000,1.000000,1.000000,0.000000,0.000000,0.000000,0.000000,0.000000,1024.015795,443.325757,-403.269471,0.000461,0.000417,30.250788,30.222455,128.606729,128.606729,128.606729,0.000000,-0.000010,315.000000,314.999977,-360.000010,-674.999977,1024.015468,443.325788,-380.387128,46.087508,46.087508,0.000000,39.630131,39.630131,0.000000,-7.124128,-7.124128,0.000000
2026082202.000000,1.000000,19.000000,7.000000,9.000000,0.000000,0.000000,3.000000,128.606729,0.117658,6.000000,1.000000,1.000000,0.000000,0.000000,0.000000,0.000000,0.000000,1024.007133,443.344716,-403.280638,0.000878,-0.000416,30.219667,30.168833,128.606729,128.606729,128.606729,0.000000,-0.000010,0.000000,-0.000023,-360.000010,-359.999977,1024.006672,443.344924,-380.398295,27.376272,27.376272,0.000000,47.920724,47.920724,0.000000,-7.135295,-7.135295,0.000000
2026082202.000000,1.000000,19.000000,7.000000,10.000000,5.000000,0.000000,3.000000,128.606729,0.117658,6.000000,1.000000,1.000000,0.000000,0.000000,0.000000,0.000000,0.000000,1024.043121,443.338719,-403.276611,-0.001609,-0.001238,30.287983,30.170500,128.606729,128.606729,128.606729,5.000000,5.000142,0.000000,-0.000023,-355.000201,-359.999977,1026.038636,443.339332,-380.481448,56.268767,56.268767,0.000000,47.894381,47.894381,0.000000,-8.446622,-8.446622,0.000000
2026082202.000000,1.000000,19.000000,7.000000,11.000000,5.000000,45.000000,3.000000,128.606729,0.117658,6.000000,1.000000,1.000000,0.000000,0.000000,0.000000,0.000000,0.000000,1023.990993,443.397170,-403.274017,-0.001103,-0.002072,30.177266,30.182452,128.606729,128.606729,128.606729,5.000000,4.999799,45.000000,44.999977,-355.000201,-404.999977,1025.400804,444.808438,-380.478790,28.699110,28.699111,0.000000,60.959798,60.959798,0.000000,-8.452334,-8.452334,0.000000
2026082202.000000,1.000000,19.000000,7.000000,12.000000,5.000000,90.000000,3.000000,128.606729,0.117658,6.000000,1.000000,1.000000,0.000000,0.000000,0.000000,0.000000,0.000000,1023.976935,443.443256,-403.263350,-0.001520,0.002095,30.194827,30.130500,128.606729,128.606729,128.606729,5.000000,4.999799,90.000000,89.999977,-354.999858,-449.999977,1023.977988,445.438727,-380.468182,0.015507,0.015507,0.000000,50.750106,50.750106,0.000000,-8.446066,-8.446066,0.000000
2026082202.000000,1.000000,19.000000,7.000000,14.000000,5.000000,180.000000,3.000000,128.606729,0.117658,6.000000,1.000000,1.000000,0.000000,0.000000,0.000000,0.000000,0.000000,1023.965359,443.403381,-403.256310,0.004234,0.001601,30.132685,30.180501,128.606729,128.606729,128.606729,5.000000,5.000142,180.000000,180.000320,-354.999858,-540.000320,1021.973453,443.404228,-380.460846,-2.783283,-2.783283,0.000000,-5.451369,-5.451369,0.000000,-8.429208,-8.429208,0.000000
2026082202.000000,1.000000,19.000000,7.000000,15.000000,5.000000,225.000000,3.000000,128.606729,0.117658,6.000000,1.000000,1.000000,0.000000,0.000000,0.000000,0.000000,0.000000,1023.946727,443.370594,-403.259010,-0.001936,0.002511,30.155599,30.163287,128.606729,128.606729,128.606729,5.000000,5.000142,225.000000,224.999977,-354.999858,-584.999977,1022.535003,441.960653,-380.463818,24.710158,24.710158,0.000000,-18.490283,-18.490283,0.000000,-8.423599,-8.423599,0.000000
2026082202.000000,1.000000,19.000000,7.000000,16.000000,5.000000,270.000000,3.000000,128.606729,0.117658,6.000000,1.000000,1.000000,0.000000,0.000000,0.000000,0.000000,0.000000,1024.015653,443.328009,-403.260769,-0.000215,0.003606,30.176297,30.279823,128.606729,128.606729,128.606729,5.000000,4.999799,270.000000,270.002037,-355.000201,-630.002037,1024.013226,441.334123,-380.465450,53.449236,53.449236,0.000000,-8.275858,-8.275858,0.000000,-8.420681,-8.420681,0.000000
2026082202.000000,1.000000,19.000000,7.000000,18.000000,5.000000,0.000000,3.000000,128.606729,0.117658,6.000000,1.000000,1.000000,0.000000,0.000000,0.000000,0.000000,0.000000,1024.042729,443.343458,-403.271849,0.000891,-0.000822,30.282983,30.171332,128.606729,128.606729,128.606729,5.000000,5.000142,0.000000,-0.000023,-354.999858,-359.999977,1026.036540,443.343863,-380.476535,56.266671,56.266671,0.000000,47.898912,47.898912,0.000000,-8.441709,-8.441709,0.000000
2026082202.000000,1.000000,19.000000,7.000000,19.000000,15.000000,0.000000,3.000000,128.606729,0.117658,6.000000,1.000000,1.000000,0.000000,0.000000,0.000000,0.000000,0.000000,1024.039763,443.347547,-403.285372,0.001096,-0.000384,30.094508,30.172167,128.606729,128.606729,128.606729,15.000000,14.999761,0.000000,-0.000023,-344.999896,-359.999977,1029.961896,443.347722,-381.182658,113.078977,113.078977,0.000000,47.858523,47.858523,0.000000,-18.579726,-18.579726,0.000000
2026082202.000000,1.000000,19.000000,7.000000,20.000000,15.000000,45.000000,3.000000,128.606729,0.117658,6.000000,1.000000,1.000000,0.000000,0.000000,0.000000,0.000000,0.000000,1024.079307,443.434123,-403.250256,0.002019,-0.000385,30.203020,30.219119,128.606729,128.606729,128.606729,15.000000,14.999761,45.000000,44.999977,-344.999896,-404.999977,1028.266133,447.621197,-381.147300,68.979025,68.979025,0.000000,101.088527,101.088527,0.000000,-18.568568,-18.568568,0.000000
2026082202.000000,1.000000,19.000000,7.000000,21.000000,15.000000,90.000000,3.000000,128.606729,0.117658,6.000000,1.000000,1.000000,0.000000,0.000000,0.000000,0.000000,0.000000,1023.944781,443.506396,-403.257260,0.001514,-0.001635,30.193675,30.133000,128.606729,128.606729,128.606729,15.000000,15.000104,90.000000,89.999977,-345.000239,-449.999977,1023.943980,449.427436,-381.154250,0.005385,0.005385,0.000000,107.540327,107.540327,0.000000,-18.587757,-18.587757,0.000000
2026082202.000000,1.000000,19.000000,7.000000,23.000000,15.000000,180.000000,3.000000,128.606729,0.117658,6.000000,1.000000,1.000000,0.000000,0.000000,0.000000,0.000000,0.000000,1024.000008,443.408016,-403.264483,0.010770,-0.000912,30.264164,30.179186,128.606729,128.606729,128.606729,15.000000,15.000104,180.000000,180.001007,-344.999896,-540.001007,1018.082873,443.407576,-381.160395,-59.566056,-59.566056,0.000000,-5.464407,-5.464407,0.000000,-18.566923,-18.566923,0.000000
2026082202.000000,1.000000,19.000000,7.000000,24.000000,15.000000,225.000000,3.000000,128.606729,0.117658,6.000000,1.000000,1.000000,0.000000,0.000000,0.000000,0.000000,0.000000,1023.984238,443.383690,-403.277765,-0.004320,-0.002292,30.132365,30.129603,128.606729,128.606729,128.606729,15.000000,15.000104,225.000000,224.999977,-345.000239,-585.000320,1019.796265,439.194119,-381.175511,-15.447871,-15.447871,0.000000,-58.625680,-58.625680,0.000000,-18.555954,-18.555954,0.000000
2026082202.000000,1.000000,19.000000,7.000000,25.000000,15.000000,270.000000,3.000000,128.606729,0.117658,6.000000,1.000000,1.000000,0.000000,0.000000,0.000000,0.000000,0.000000,1023.993226,443.330266,-403.281592,-0.001497,0.001484,30.173459,30.280279,128.606729,128.606729,128.606729,15.000000,15.000104,270.000000,269.997230,-345.000239,-629.997230,1023.991022,437.408259,-381.178853,53.398977,53.398977,0.000000,-65.048375,-65.048375,0.000000,-18.545166,-18.545166,0.000000
2026082202.000000,1.000000,19.000000,7.000000,27.000000,15.000000,0.000000,3.000000,128.606729,0.117658,6.000000,1.000000,1.000000,0.000000,0.000000,0.000000,0.000000,0.000000,1024.041249,443.343092,-403.289783,0.001603,-0.001218,30.085521,30.168832,128.606729,128.606729,128.606729,15.000000,15.000104,0.000000,0.000320,-345.000239,-359.999977,1029.962691,443.343685,-381.186882,113.079773,113.079773,0.000000,47.854486,47.854486,0.000000,-18.583950,-18.583950,0.000000
2026082202.000000,1.000000,19.000000,7.000000,28.000000,30.000000,0.000000,3.000000,128.606729,0.117658,6.000000,1.000000,1.000000,0.000000,0.000000,0.000000,0.000000,0.000000,1024.051632,443.339083,-403.267969,0.005731,-0.002068,30.183898,30.170592,128.606729,128.606729,128.606729,30.000000,29.999875,0.000000,-0.000023,-329.999781,-359.999977,1035.489989,443.340317,-383.449693,192.865426,192.865426,0.000000,47.783138,47.783138,0.000000,-51.773856,-51.773856,0.000000
2026082202.000000,1.000000,19.000000,7.000000,29.000000,30.000000,45.000000,3.000000,128.606729,0.117658,6.000000,1.000000,1.000000,0.000000,0.000000,0.000000,0.000000,0.000000,1024.024730,443.470152,-403.268211,0.003578,0.000895,30.123727,30.108288,128.606729,128.606729,128.606729,30.000000,29.999875,45.000000,44.999977,-330.000125,-404.999977,1032.113903,451.558648,-383.450456,125.361273,125.361274,0.000000,157.428689,157.428689,0.000000,-51.819393,-51.819393,0.000000
2026082202.000000,1.000000,19.000000,7.000000,30.000000,30.000000,90.000000,3.000000,128.606729,0.117658,6.000000,1.000000,1.000000,0.000000,0.000000,0.000000,0.000000,0.000000,1023.971886,443.585085,-403.249083,0.000314,0.002563,30.169731,30.129667,128.606729,128.606729,128.606729,30.000000,29.999875,90.000000,89.999977,-329.999781,-449.999977,1023.972966,455.026625,-383.432625,0.063881,0.063881,0.000000,187.297667,187.297667,0.000000,-51.823275,-51.823275,0.000000
2026082202.000000,1.000000,19.000000,7.000000,32.000000,30.000000,180.000000,3.000000,128.606729,0.117658,6.000000,1.000000,1.000000,0.000000,0.000000,0.000000,0.000000,0.000000,1023.976548,443.463837,-403.271542,0.003300,0.000248,30.113200,30.172074,128.606729,128.606729,128.606729,30.000000,29.999875,180.000000,180.001007,-330.000125,-540.001007,1012.536509,443.463530,-383.454353,-139.396811,-139.396812,0.000000,-5.429098,-5.429098,0.000000,-51.796767,-51.796767,0.000000
2026082202.000000,1.000000,19.000000,7.000000,33.000000,30.000000,225.000000,3.000000,128.606729,0.117658,6.000000,1.000000,1.000000,0.000000,0.000000,0.000000,0.000000,0.000000,1024.030934,443.385678,-403.288129,0.001495,-0.000354,30.212894,30.202453,128.606729,128.606729,128.606729,30.000000,30.000219,225.000000,224.999977,-330.000125,-584.999977,1015.941283,435.295821,-383.471126,-71.861598,-71.861599,0.000000,-114.989777,-114.989777,0.000000,-51.761348,-51.761348,0.000000
2026082202.000000,1.000000,19.000000,7.000000,34.000000,30.000000,270.000000,3.000000,128.606729,0.117658,6.000000,1.000000,1.000000,0.000000,0.000000,0.000000,0.000000,0.000000,1024.005556,443.317035,-403.301025,0.001126,0.005206,30.154773,30.268648,128.606729,128.606729,128.606729,30.000000,30.000219,270.000000,270.002723,-329.999781,-630.002723,1024.004775,431.875837,-383.484253,53.360726,53.360726,0.000000,-144.776451,-144.776451,0.000000,-51.745332,-51.745332,0.000000
2026082202.000000,1.000000,19.000000,7.000000,36.000000,30.000000,0.000000,3.000000,128.606729,0.117658,6.000000,1.000000,1.000000,0.000000,0.000000,0.000000,0.000000,0.000000,1024.102871,443.391870,-403.255379,-0.001928,0.000063,30.180523,30.171335,128.606729,128.606729,128.606729,30.000000,30.000219,0.000000,-0.000023,-329.999781,-359.999977,1035.544993,443.391808,-383.439232,192.920430,192.920430,0.000000,47.834628,47.834628,0.000000,-51.763395,-51.763395,0.000000
2026082202.000000,1.000000,19.000000,7.000000,37.000000,0.000000,0.000000,3.000000,128.606729,0.117658,6.000000,1.000000,1.000000,0.000000,0.000000,0.000000,0.000000,0.000000,1024.051006,443.392703,-403.272379,-0.003209,0.000000,30.214507,30.168000,128.606729,128.606729,128.606729,0.000000,-0.000010,0.000000,-0.000023,-360.000010,-359.999977,1024.052588,443.392704,-380.390037,27.422188,27.422188,0.000000,47.968504,47.968504,0.000000,-7.127037,-7.127037,0.000000
2026082202.000000,2.000000,19.000000,1.000000,1.000000,0.000000,0.000000,4.000000,229.407000,0.154742,6.000000,1.000000,1.000000,0.000000,0.000000,0.000000,0.000000,0.000000,1024.143782,443.437332,-302.468949,-0.000274,-0.005833,30.205340,30.151333,229.407000,229.407000,229.407000,0.000000,-0.000010,0.000000,-0.000023,-360.000010,0.000023,1024.143887,443.440250,-279.623691,0.179350,0.179350,0.000000,0.037450,0.037450,0.000000,1.760709,1.760709,0.000000
2026082202.000000,2.000000,19.000000,1.000000,2.000000,0.000000,45.000000,4.000000,229.407000,0.154742,6.000000,1.000000,1.000000,0.000000,0.000000,0.000000,0.000000,0.000000,1024.151624,443.474274,-302.465115,-0.001162,0.002917,30.144071,30.139121,229.407000,229.407000,229.407000,0.000000,-0.000010,45.000000,44.999977,-360.000010,-45.000320,1024.153044,443.473631,-279.619858,-18.884918,-18.884918,0.000000,-7.304987,-7.304987,0.000000,1.764542,1.764542,0.000000
2026082202.000000,2.000000,19.000000,1.000000,3.000000,0.000000,90.000000,4.000000,229.407000,0.154742,6.000000,1.000000,1.000000,0.000000,0.000000,0.000000,0.000000,0.000000,1024.159465,443.524639,-302.452115,0.001729,-0.001666,30.186333,30.118000,229.407000,229.407000,229.407000,0.000000,-0.000010,90.000000,89.999977,-359.999667,-90.000320,1024.158632,443.523743,-279.606857,-27.150788,-27.150788,0.000000,-25.957315,-25.957315,0.000000,1.777543,1.777543,0.000000
2026082202.000000,2.000000,19.000000,1.000000,4.000000,0.000000,135.000000,4.000000,229.407000,0.154742,6.000000,1.000000,1.000000,0.000000,0.000000,0.000000,0.000000,0.000000,1024.120898,443.547734,-302.438281,0.002146,-0.001250,30.142455,30.114122,229.407000,229.407000,229.407000,0.000000,-0.000010,135.000000,134.999977,-360.000010,-134.999977,1024.120805,443.546944,-279.593024,-19.812797,-19.812796,0.000000,-45.007539,-45.007539,0.000000,1.791376,1.791376,0.000000
2026082202.000000,2.000000,19.000000,1.000000,5.000000,0.000000,180.000000,4.000000,229.407000,0.154742,6.000000,1.000000,1.000000,0.000000,0.000000,0.000000,0.000000,0.000000,1024.101248,443.552101,-302.428614,-0.002677,-0.001246,30.206174,30.150507,229.407000,229.407000,229.407000,0.000000,-0.000010,180.000000,179.999290,-360.000010,-179.999290,1024.099860,443.551481,-279.583356,-1.131301,-1.131301,0.000000,-53.274459,-53.274459,0.000000,1.801044,1.801044,0.000000
2026082202.000000,2.000000,19.000000,1.000000,6.000000,0.000000,225.000000,4.000000,229.407000,0.154742,6.000000,1.000000,1.000000,0.000000,0.000000,0.000000,0.000000,0.000000,1024.091485,443.516075,-302.432281,0.002643,0.003750,30.203448,30.205788,229.407000,229.407000,229.407000,0.000000,-0.000010,225.000000,224.999977,-360.000010,-224.999977,1024.091116,443.518357,-279.587023,17.933380,17.933380,0.000000,-45.931765,-45.931765,0.000000,1.797377,1.797377,0.000000
2026082202.000000,2.000000,19.000000,1.000000,7.000000,0.000000,270.000000,4.000000,229.407000,0.154742,6.000000,1.000000,1.000000,0.000000,0.000000,0.000000,0.000000,0.000000,1024.119889,443.465898,-302.443448,-0.000401,0.002489,30.184700,30.261372,229.407000,229.407000,229.407000,0.000000,-0.000010,270.000000,269.997574,-360.000010,-269.997574,1024.118634,443.465969,-279.598190,26.232355,26.232355,0.000000,-27.281713,-27.281713,0.000000,1.786210,1.786210,0.000000
2026082202.000000,2.000000,19.000000,1.000000,8.000000,0.000000,315.000000,4.000000,229.407000,0.154742,6.000000,1.000000,1.000000,0.000000,0.000000,0.000000,0.000000,0.000000,1024.128997,443.438887,-302.458782,0.000479,-0.000416,30.250788,30.192455,229.407000,229.407000,229.407000,0.000000,-0.000010,315.000000,314.999977,-360.000010,-314.999977,1024.128953,443.439226,-279.613523,18.866855,18.866855,0.000000,-8.235031,-8.235031,0.000000,1.770876,1.770876,0.000000
2026082202.000000,2.000000,19.000000,1.000000,9.000000,0.000000,0.000000,4.000000,229.407000,0.154742,6.000000,1.000000,1.000000,0.000000,0.000000,0.000000,0.000000,0.000000,1024.147534,443.442009,-302.467448,-0.005354,-0.000416,30.215500,30.142167,229.407000,229.407000,229.407000,0.000000,-0.000010,0.000000,-0.000023,-360.000010,0.000023,1024.150180,443.442217,-279.622190,0.185642,0.185642,0.000000,0.039417,0.039417,0.000000,1.762210,1.762210,0.000000
2026082202.000000,2.000000,19.000000,1.000000,10.000000,5.000000,0.000000,4.000000,229.407000,0.154742,6.000000,1.000000,1.000000,0.000000,0.000000,0.000000,0.000000,0.000000,1024.223805,443.423521,-302.460259,-0.001468,-0.001235,30.267199,30.145502,229.407000,229.407000,229.407000,5.000000,5.000142,0.000000,-0.000023,-355.000201,0.000023,1026.215533,443.424132,-279.701988,37.896848,37.896848,0.000000,-0.003176,-0.003176,0.000000,0.070662,0.070662,0.000000
2026082202.000000,2.000000,19.000000,1.000000,11.000000,5.000000,45.000000,4.000000,229.407000,0.154742,6.000000,1.000000,1.000000,0.000000,0.000000,0.000000,0.000000,0.000000,1024.180907,443.501780,-302.459446,-0.006884,-0.000819,30.206561,30.213285,229.407000,229.407000,229.407000,5.000000,5.000142,45.000000,44.999977,-354.999858,-44.999977,1025.590894,444.912336,-279.701412,7.769880,7.769881,0.000000,19.294601,19.294601,0.000000,0.062868,0.062868,0.000000
2026082202.000000,2.000000,19.000000,1.000000,12.000000,5.000000,90.000000,4.000000,229.407000,0.154742,6.000000,1.000000,1.000000,0.000000,0.000000,0.000000,0.000000,0.000000,1024.145390,443.572928,-302.445927,-0.000635,-0.006869,30.164083,30.129667,229.407000,229.407000,229.407000,5.000000,4.999799,90.000000,90.000320,-355.000201,-90.000320,1024.141963,445.564770,-279.687674,-27.150898,-27.150898,0.000000,11.682871,11.682871,0.000000,0.072267,0.072267,0.000000
2026082202.000000,2.000000,19.000000,1.000000,14.000000,5.000000,180.000000,4.000000,229.407000,0.154742,6.000000,1.000000,1.000000,0.000000,0.000000,0.000000,0.000000,0.000000,1024.108940,443.560298,-302.436939,0.004286,-0.001435,30.108608,30.156333,229.407000,229.407000,229.407000,5.000000,4.999799,180.000000,180.000663,-354.999858,-180.000663,1022.119998,443.559643,-279.678414,-38.756198,-38.756198,0.000000,-53.270798,-53.270798,0.000000,0.091049,0.091049,0.000000
2026082202.000000,2.000000,19.000000,1.000000,15.000000,5.000000,225.000000,4.000000,229.407000,0.154742,6.000000,1.000000,1.000000,0.000000,0.000000,0.000000,0.000000,0.000000,1024.050254,443.523135,-302.444897,-0.001468,0.003765,30.167494,30.167455,229.407000,229.407000,229.407000,5.000000,4.999799,225.000000,224.999977,-354.999858,-224.999977,1022.640122,442.115675,-279.686680,-8.733677,-8.733677,0.000000,-72.523365,-72.523365,0.000000,0.091364,0.091364,0.000000
2026082202.000000,2.000000,19.000000,1.000000,16.000000,5.000000,270.000000,4.000000,229.407000,0.154742,6.000000,1.000000,1.000000,0.000000,0.000000,0.000000,0.000000,0.000000,1024.112037,443.449601,-302.453348,0.008507,0.000703,30.167932,30.264523,229.407000,229.407000,229.407000,5.000000,5.000142,270.000000,269.997917,-354.999858,-269.997917,1024.111679,441.463202,-279.694641,26.209795,26.209794,0.000000,-64.910700,-64.910700,0.000000,0.087953,0.087953,0.000000
2026082202.000000,2.000000,19.000000,1.000000,18.000000,5.000000,0.000000,4.000000,229.407000,0.154742,6.000000,1.000000,1.000000,0.000000,0.000000,0.000000,0.000000,0.000000,1024.222689,443.428754,-302.458365,-0.000610,0.000849,30.263816,30.144667,229.407000,229.407000,229.407000,5.000000,5.000142,0.000000,-0.000023,-354.999858,0.000023,1026.214599,443.428322,-279.700112,37.895915,37.895915,0.000000,0.001014,0.001014,0.000000,0.072538,0.072538,0.000000
2026082202.000000,2.000000,19.000000,1.000000,19.000000,15.000000,0.000000,4.000000,229.407000,0.154742,6.000000,1.000000,1.000000,0.000000,0.000000,0.000000,0.000000,0.000000,1024.173261,443.441940,-302.471521,0.000913,0.000044,30.097842,30.146333,229.407000,229.407000,229.407000,15.000000,14.999761,0.000000,-0.000023,-344.999896,0.000023,1030.085973,443.441896,-280.404674,111.957945,111.957945,0.000000,-0.037058,-0.037058,0.000000,-13.115029,-13.115029,0.000000
2026082202.000000,2.000000,19.000000,1.000000,20.000000,15.000000,45.000000,4.000000,229.407000,0.154742,6.000000,1.000000,1.000000,0.000000,0.000000,0.000000,0.000000,0.000000,1024.279672,443.549179,-302.440918,-0.002003,0.000877,30.144032,30.129955,229.407000,229.407000,229.407000,15.000000,14.999761,45.000000,44.999977,-344.999896,-44.999977,1028.461912,447.730767,-280.374448,60.296284,60.296284,0.000000,71.659337,71.659337,0.000000,-13.109001,-13.109001,0.000000
2026082202.000000,2.000000,19.000000,1.000000,21.000000,15.000000,90.000000,4.000000,229.407000,0.154742,6.000000,1.000000,1.000000,0.000000,0.000000,0.000000,0.000000,0.000000,1024.109264,443.646846,-302.435660,0.001150,0.003695,30.153623,30.129028,229.407000,229.407000,229.407000,15.000000,14.999761,90.000000,90.000320,-344.999896,-90.000320,1024.111452,449.558897,-280.368602,-27.150124,-27.150124,0.000000,85.782215,85.782215,0.000000,-13.115395,-13.115395,0.000000
2026082202.000000,2.000000,19.000000,1.000000,23.000000,15.000000,180.000000,4.000000,229.407000,0.154742,6.000000,1.000000,1.000000,0.000000,0.000000,0.000000,0.000000,0.000000,1024.045703,443.564909,-302.428265,0.000681,-0.007138,30.251329,30.169912,229.407000,229.407000,229.407000,15.000000,14.999761,180.000000,180.001007,-344.999896,-180.001007,1018.133423,443.561840,-280.361259,-112.938670,-112.938670,0.000000,-53.277587,-53.277587,0.000000,-13.081072,-13.081072,0.000000
2026082202.000000,2.000000,19.000000,1.000000,24.000000,15.000000,225.000000,4.000000,229.407000,0.154742,6.000000,1.000000,1.000000,0.000000,0.000000,0.000000,0.000000,0.000000,1024.082033,443.507636,-302.452559,0.000863,0.004307,30.141531,30.123091,229.407000,229.407000,229.407000,15.000000,15.000104,225.000000,224.999977,-344.999896,-224.999977,1019.900006,439.328685,-280.385558,-61.133884,-61.133884,0.000000,-124.909555,-124.909555,0.000000,-13.079287,-13.079287,0.000000
2026082202.000000,2.000000,19.000000,1.000000,25.000000,15.000000,270.000000,4.000000,229.407000,0.154742,6.000000,1.000000,1.000000,0.000000,0.000000,0.000000,0.000000,0.000000,1024.087197,443.409007,-302.463128,0.001485,-0.003778,30.182503,30.262518,229.407000,229.407000,229.407000,15.000000,15.000104,270.000000,270.002037,-345.000239,-270.002037,1024.089383,437.496378,-280.396227,26.152046,26.152045,0.000000,-139.027884,-139.027884,0.000000,-13.075827,-13.075827,0.000000
2026082202.000000,2.000000,19.000000,1.000000,27.000000,15.000000,0.000000,4.000000,229.407000,0.154742,6.000000,1.000000,1.000000,0.000000,0.000000,0.000000,0.000000,0.000000,1024.177640,443.447509,-302.473235,-0.007420,0.002543,30.106175,30.146335,229.407000,229.407000,229.407000,15.000000,15.000104,0.000000,-0.000023,-344.999896,0.000023,1030.093785,443.446216,-280.407307,111.965757,111.965757,0.000000,-0.032738,-0.032738,0.000000,-13.117661,-13.117661,0.000000
2026082202.000000,2.000000,19.000000,1.000000,28.000000,30.000000,0.000000,4.000000,229.407000,0.154742,6.000000,1.000000,1.000000,0.000000,0.000000,0.000000,0.000000,0.000000,1024.262058,443.404328,-302.501958,0.002548,-0.005334,30.059036,30.163832,229.407000,229.407000,229.407000,30.000000,29.999875,0.000000,-0.000023,-330.000125,0.000023,1035.683736,443.406953,-282.716829,216.125167,216.125167,0.000000,-0.150378,-0.150378,0.000000,-56.424267,-56.424267,0.000000
2026082202.000000,2.000000,19.000000,1.000000,29.000000,30.000000,45.000000,4.000000,229.407000,0.154742,6.000000,1.000000,1.000000,0.000000,0.000000,0.000000,0.000000,0.000000,1024.201820,443.604348,-302.467726,0.001739,0.000917,30.139611,30.181619,229.407000,229.407000,229.407000,30.000000,29.999875,45.000000,44.999977,-330.000125,-44.999977,1032.278767,451.680587,-282.682799,133.845513,133.845514,0.000000,145.195064,145.195064,0.000000,-56.435012,-56.435012,0.000000
2026082202.000000,2.000000,19.000000,1.000000,30.000000,30.000000,90.000000,4.000000,229.407000,0.154742,6.000000,1.000000,1.000000,0.000000,0.000000,0.000000,0.000000,0.000000,1024.069945,443.734176,-302.443467,-0.004372,0.000104,30.151587,30.147957,229.407000,229.407000,229.407000,30.000000,29.999875,90.000000,90.000320,-330.000125,-90.000320,1024.069424,455.158750,-282.660103,-27.152247,-27.152247,0.000000,189.851323,189.851323,0.000000,-56.434029,-56.434029,0.000000
2026082202.000000,2.000000,19.000000,1.000000,32.000000,30.000000,180.000000,4.000000,229.407000,0.154742,6.000000,1.000000,1.000000,0.000000,0.000000,0.000000,0.000000,0.000000,1024.000624,443.559392,-302.466924,0.000904,0.007386,30.220097,30.169362,229.407000,229.407000,229.407000,30.000000,29.999875,180.000000,180.001007,-330.000125,-180.000663,1012.578335,443.561285,-282.682309,-217.089254,-217.089254,0.000000,-53.288391,-53.288391,0.000000,-56.407998,-56.407998,0.000000
2026082202.000000,2.000000,19.000000,1.000000,33.000000,30.000000,225.000000,4.000000,229.407000,0.154742,6.000000,1.000000,1.000000,0.000000,0.000000,0.000000,0.000000,0.000000,1023.920124,443.460981,-302.492952,-0.001619,-0.002834,30.182894,30.189123,229.407000,229.407000,229.407000,30.000000,29.999875,225.000000,224.999977,-330.000125,-224.999977,1015.843475,435.382387,-282.708864,-134.947057,-134.947057,0.000000,-198.504845,-198.504845,0.000000,-56.382362,-56.382362,0.000000
2026082202.000000,2.000000,19.000000,1.000000,34.000000,30.000000,270.000000,4.000000,229.407000,0.154742,6.000000,1.000000,1.000000,0.000000,0.000000,0.000000,0.000000,0.000000,1024.017254,443.357762,-302.488366,-0.000297,0.003219,30.140284,30.283738,229.407000,229.407000,229.407000,30.000000,30.000219,270.000000,270.001007,-329.999781,-270.001007,1024.012224,431.934783,-282.703757,26.012486,26.012486,0.000000,-243.096236,-243.096236,0.000000,-56.348111,-56.348111,0.000000
2026082202.000000,2.000000,19.000000,1.000000,36.000000,30.000000,0.000000,4.000000,229.407000,0.154742,6.000000,1.000000,1.000000,0.000000,0.000000,0.000000,0.000000,0.000000,1024.261717,443.406662,-302.502523,-0.002869,0.001333,30.048203,30.157168,229.407000,229.407000,229.407000,30.000000,30.000219,0.000000,-0.000023,-330.000125,0.000023,1035.685740,443.405954,-282.718747,216.127171,216.127171,0.000000,-0.151377,-0.151377,0.000000,-56.426186,-56.426186,0.000000
2026082202.000000,2.000000,19.000000,1.000000,37.000000,0.000000,0.000000,4.000000,229.407000,0.154742,6.000000,1.000000,1.000000,0.000000,0.000000,0.000000,0.000000,0.000000,1024.142934,443.437951,-302.465314,-0.004521,-0.008333,30.215500,30.154667,229.407000,229.407000,229.407000,0.000000,-0.000010,0.000000,-0.000023,-360.000010,0.000023,1024.145163,443.442117,-279.620056,0.180626,0.180626,0.000000,0.039318,0.039318,0.000000,1.764344,1.764344,0.000000
