campaign_id,attempt_id,fit_revision,sample_seq,abs_b_deg,abs_c_deg,pose_multiplicity,fit_weight,primary_lambda,primary_term_count,center_abs_x_mm,center_abs_y_mm,center_abs_z_mm,current_residual_x_mm,current_residual_y_mm,current_residual_z_mm,current_residual_norm_mm,candidate_delta_x_mm,candidate_delta_y_mm,candidate_delta_z_mm,candidate_delta_norm_mm,candidate_center_x_mm,candidate_center_y_mm,candidate_center_z_mm,candidate_residual_x_mm,candidate_residual_y_mm,candidate_residual_z_mm,candidate_residual_norm_mm
2026082404,1,r2,1,0.000000,0.000000,5,0.200000000,10.0,10,1024.996367000,844.034833000,-302.503949000,-0.095765841,-0.026234416,-0.058615224,0.115304316,0.000000000,0.000000000,0.000000000,0.000000000,1024.996367000,844.034833000,-302.503949000,-0.129773343,-0.023315909,-0.028360971,0.134866960
2026082404,1,r2,2,0.000000,45.000000,2,0.500000000,10.0,10,1025.067910000,844.038028000,-302.497611000,-0.024222841,-0.023039416,-0.052277224,0.062052146,0.005986774,-0.022343859,-0.004985612,0.023663174,1025.073896774,844.015684141,-302.502596612,-0.052243570,-0.042464767,-0.027008583,0.072540406
2026082404,1,r2,3,0.000000,90.000000,2,0.500000000,10.0,10,1025.110792000,844.092228000,-302.485445000,0.018659159,0.031160584,-0.040111224,0.054111519,0.020452497,-0.076332885,-0.017032248,0.080840036,1025.131244497,844.015895115,-302.502477248,0.005104154,-0.042253794,-0.026889219,0.050343476
2026082404,1,r2,4,0.000000,135.000000,2,0.500000000,10.0,10,1025.116993000,844.181488000,-302.468269000,0.024860159,0.120420584,-0.022935224,0.125080650,0.034923346,-0.130341040,-0.029083152,0.138037156,1025.151916346,844.051146960,-302.497352152,0.025776003,-0.007001948,-0.021764123,0.034454414
2026082404,1,r2,5,0.000000,180.000000,2,0.500000000,10.0,10,1025.158522000,844.241469000,-302.461936000,0.066389159,0.180401584,-0.016602224,0.192945292,0.040922493,-0.152731079,-0.034079068,0.161749237,1025.199444493,844.088737921,-302.496015068,0.073304150,0.030589013,-0.020427039,0.082014938
2026082404,1,r2,6,0.000000,225.000000,2,0.500000000,10.0,10,1025.104677000,844.266559000,-302.464769000,0.012544159,0.205491584,-0.019435224,0.206789446,0.034935720,-0.130387220,-0.029093456,0.138086063,1025.139612720,844.136171780,-302.493862456,0.013472376,0.078022871,-0.018274427,0.081259018
2026082404,1,r2,7,0.000000,270.000000,2,0.500000000,10.0,10,1025.060522000,844.183104000,-302.478433000,-0.031610841,0.122036584,-0.033099224,0.130336993,0.020469996,-0.076398194,-0.017046820,0.080909201,1025.080991996,844.106705806,-302.495479820,-0.045148347,0.048556898,-0.019891791,0.069223038
2026082404,1,r2,8,0.000000,315.000000,2,0.500000000,10.0,10,1025.009759000,844.129539000,-302.493766000,-0.082373841,0.068471584,-0.048432224,0.117556317,0.005999147,-0.022390039,-0.004995916,0.023712081,1025.015758147,844.107148961,-302.498761916,-0.110382196,0.049000053,-0.023173887,0.122972613
2026082404,1,r2,9,0.000000,0.000000,5,0.200000000,10.0,10,1025.006139000,844.037862000,-302.506600000,-0.085993841,-0.023205416,-0.061266224,0.108106346,0.000000000,0.000000000,0.000000000,0.000000000,1025.006139000,844.037862000,-302.506600000,-0.120001343,-0.020286909,-0.031011971,0.125593087
2026082404,1,r2,10,5.000000,0.000000,2,0.500000000,10.0,10,1025.058167000,844.020837000,-302.489757000,-0.033965841,-0.040230416,-0.044423224,0.068888225,-0.000585313,0.001982307,0.004699234,0.005133705,1025.057581687,844.022819307,-302.485057766,-0.068558657,-0.035329601,-0.009469737,0.077705508
2026082404,1,r2,11,5.000000,45.000000,1,1.000000000,10.0,10,1025.087162000,844.015427000,-302.492393000,-0.004970841,-0.045640416,-0.047059224,0.065744409,0.003909763,-0.017572576,-0.000789553,0.018019575,1025.091071763,843.997854424,-302.493182553,-0.035068581,-0.060294485,-0.017594524,0.071936065
2026082404,1,r2,12,5.000000,90.000000,1,1.000000000,10.0,10,1025.107302000,844.102596000,-302.481994000,0.015169159,0.041528584,-0.036660224,0.057434299,0.020997770,-0.073164675,-0.012933295,0.077209106,1025.128299770,844.029431325,-302.494927295,0.002159426,-0.028717584,-0.019339266,0.034689623
2026082404,1,r2,13,5.000000,180.000000,1,1.000000000,10.0,10,1025.109477000,844.245437000,-302.463764000,0.017344159,0.184369584,-0.018430224,0.186098459,0.046012641,-0.151921813,-0.029598155,0.161472757,1025.155489641,844.093515187,-302.493362155,0.029349298,0.035366279,-0.017774126,0.049275496
2026082404,1,r2,14,5.000000,225.000000,1,1.000000000,10.0,10,1025.040720000,844.279127000,-302.467961000,-0.051412841,0.218059584,-0.022627224,0.225178271,0.046889022,-0.140587304,-0.023512735,0.150054054,1025.087609022,844.138539696,-302.491473735,-0.038531322,0.080390788,-0.015885706,0.090552179
2026082404,1,r2,15,5.000000,270.000000,1,1.000000000,10.0,10,1025.048769000,844.200105000,-302.476832000,-0.043363841,0.139037584,-0.031498224,0.149010102,0.035181666,-0.093229651,-0.010771339,0.100227437,1025.083950666,844.106875349,-302.487603339,-0.042189677,0.048726440,-0.012015310,0.065563729
2026082404,1,r2,16,5.000000,0.000000,2,0.500000000,10.0,10,1025.052306000,844.021722000,-302.488370000,-0.039826841,-0.039345416,-0.043036224,0.070614131,-0.000585313,0.001982307,0.004699234,0.005133705,1025.051720687,844.023704307,-302.483670766,-0.074419657,-0.034444601,-0.008082737,0.082401738
2026082404,1,r2,17,-5.000000,0.000000,2,0.500000000,10.0,10,1025.154202000,844.048438000,-302.504064000,0.062069159,-0.012629416,-0.058730224,0.086378943,-0.002758381,0.001416095,-0.005429880,0.006252807,1025.151443619,844.049854095,-302.509493880,0.025303276,-0.008294813,-0.033905851,0.043112254
2026082404,1,r2,18,-5.000000,45.000000,1,1.000000000,10.0,10,1025.189785000,844.141396000,-302.493966000,0.097652159,0.080328584,-0.048632224,0.135475898,0.005523803,-0.025678604,-0.009720416,0.028006956,1025.195308803,844.115717396,-302.503686416,0.069168459,0.057568488,-0.028098387,0.094275797
2026082404,1,r2,19,-5.000000,90.000000,1,1.000000000,10.0,10,1025.114527000,844.238324000,-302.479153000,0.022394159,0.177256584,-0.033819224,0.181838211,0.021348161,-0.077275404,-0.021757755,0.083070042,1025.135875161,844.161048596,-302.500910755,0.009734818,0.102899688,-0.025322726,0.106415943
2026082404,1,r2,20,-5.000000,180.000000,1,1.000000000,10.0,10,1024.983844000,844.218480000,-302.438871000,-0.108288841,0.157412584,0.006462776,0.191172598,0.043849989,-0.152511808,-0.039725017,0.163587133,1025.027693989,844.065968192,-302.478596017,-0.098446354,0.007819283,-0.003007988,0.098802196
2026082404,1,r2,21,-5.000000,225.000000,1,1.000000000,10.0,10,1025.033307000,844.106567000,-302.450414000,-0.058825841,0.045499584,-0.005080224,0.074541937,0.031286910,-0.109380872,-0.036167517,0.119378118,1025.064593910,843.997186128,-302.486581517,-0.061546434,-0.060962780,-0.010993488,0.087322854
2026082404,1,r2,22,-5.000000,270.000000,1,1.000000000,10.0,10,1025.066676000,844.019202000,-302.469893000,-0.025456841,-0.041865416,-0.024559224,0.054808022,0.011174327,-0.041720382,-0.024864468,0.049836710,1025.077850327,843.977481618,-302.494757468,-0.048290017,-0.080667291,-0.019169439,0.095951055
2026082404,1,r2,23,-5.000000,0.000000,2,0.500000000,10.0,10,1025.155082000,844.051437000,-302.503501000,0.062949159,-0.009630416,-0.058167224,0.086248290,-0.002758381,0.001416095,-0.005429880,0.006252807,1025.152323619,844.052853095,-302.508930880,0.026183276,-0.005295813,-0.033342851,0.042724177
2026082404,1,r2,24,10.000000,0.000000,2,0.500000000,10.0,10,1025.152158000,844.036124000,-302.502525000,0.060025159,-0.024943416,-0.057191224,0.086579615,-0.004360779,0.007298634,0.008733332,0.012188419,1025.147797221,844.043422634,-302.493791668,0.021656877,-0.014726274,-0.018203639,0.031894450
2026082404,1,r2,25,10.000000,45.000000,1,1.000000000,10.0,10,1025.174958000,844.021962000,-302.476092000,0.082825159,-0.039105416,-0.030758224,0.096619402,-0.000592876,-0.011237578,0.002906746,0.011622558,1025.174365124,844.010724422,-302.473185254,0.048224780,-0.047424487,0.002402775,0.067679278
2026082404,1,r2,26,10.000000,90.000000,1,1.000000000,10.0,10,1025.103604000,844.102297000,-302.472027000,0.011471159,0.041229584,-0.026693224,0.050438024,0.022848308,-0.067573872,-0.009435757,0.071953505,1025.126452308,844.034723128,-302.481462757,0.000311964,-0.023425781,-0.005874728,0.024153198
2026082404,1,r2,27,10.000000,180.000000,1,1.000000000,10.0,10,1025.146255000,844.246612000,-302.456402000,0.054122159,0.185544584,-0.011068224,0.193593663,0.058588839,-0.150005563,-0.026190563,0.163157184,1025.204843839,844.096606437,-302.482592563,0.078703496,0.038457528,-0.007004534,0.087876534
2026082404,1,r2,28,10.000000,225.000000,1,1.000000000,10.0,10,1025.036707000,844.275966000,-302.469353000,-0.055425841,0.214898584,-0.024019224,0.223227123,0.066541654,-0.140269412,-0.019342972,0.156452709,1025.103248654,844.135696588,-302.488695972,-0.022891689,0.077547680,-0.013107943,0.081911478
2026082404,1,r2,29,10.000000,270.000000,1,1.000000000,10.0,10,1025.034690000,844.212571000,-302.472705000,-0.057442841,0.151503584,-0.027371224,0.164323461,0.054841253,-0.092748244,-0.005977714,0.107914470,1025.089531253,844.119822756,-302.478682714,-0.036609091,0.061673848,-0.003094685,0.071787646
2026082404,1,r2,30,10.000000,0.000000,2,0.500000000,10.0,10,1025.149059000,844.036436000,-302.496670000,0.056926159,-0.024631416,-0.051336224,0.080515229,-0.004360779,0.007298634,0.008733332,0.012188419,1025.144698221,844.043734634,-302.487936668,0.018557877,-0.014414274,-0.012348639,0.026545338
2026082404,1,r2,31,-10.000000,0.000000,2,0.500000000,10.0,10,1025.225001000,844.044656000,-302.492992000,0.132868159,-0.016411416,-0.047658224,0.142107665,-0.008610696,0.005885078,-0.011567792,0.015575367,1025.216390304,844.050541078,-302.504559792,0.090249960,-0.007607831,-0.028971763,0.095090996
2026082404,1,r2,32,-10.000000,45.000000,1,1.000000000,10.0,10,1025.226308000,844.161294000,-302.482075000,0.134175159,0.100226584,-0.036741224,0.171459205,0.002702599,-0.027673384,-0.015006994,0.031596362,1025.229010599,844.133620616,-302.497081994,0.102870256,0.075471707,-0.021493965,0.129384152
2026082404,1,r2,33,-10.000000,90.000000,1,1.000000000,10.0,10,1025.120351000,844.246695000,-302.470863000,0.028218159,0.185627584,-0.025529224,0.189487746,0.023626104,-0.076049486,-0.027137501,0.084131808,1025.143977104,844.170645514,-302.498000501,0.017836760,0.112496605,-0.022412472,0.116085981
2026082404,1,r2,34,-10.000000,180.000000,1,1.000000000,10.0,10,1025.072984000,844.219936000,-302.444299000,-0.019148841,0.158868584,0.001034776,0.160021798,0.054359674,-0.151466505,-0.046487199,0.167505630,1025.127343674,844.068469495,-302.490786199,0.001203331,0.010320586,-0.015198170,0.018410510
2026082404,1,r2,35,-10.000000,225.000000,1,1.000000000,10.0,10,1025.054390000,844.099561000,-302.450223000,-0.037742841,0.038493584,-0.004889224,0.054131161,0.035535851,-0.078379489,-0.044676208,0.096964450,1025.089925851,844.021181511,-302.494899208,-0.036214492,-0.036967398,-0.019311179,0.055235854
2026082404,1,r2,36,-10.000000,270.000000,1,1.000000000,10.0,10,1025.087039000,843.969389000,-302.456304000,-0.005093841,-0.091678416,-0.010970224,0.092472834,0.007088963,0.009592835,-0.034176700,0.036198380,1025.094127963,843.978981835,-302.490480700,-0.032012380,-0.079167073,-0.014892671,0.086683387
2026082404,1,r2,37,-10.000000,0.000000,2,0.500000000,10.0,10,1025.249047000,844.042402000,-302.489914000,0.156914159,-0.018665416,-0.044580224,0.164188451,-0.008610696,0.005885078,-0.011567792,0.015575367,1025.240436304,844.048287078,-302.501481792,0.114295960,-0.009861831,-0.025893763,0.117606587
2026082404,1,r2,38,15.000000,0.000000,2,0.500000000,10.0,10,1025.085217000,844.040174000,-302.499155000,-0.006915841,-0.020893416,-0.053821224,0.058147122,-0.010792305,0.015494015,0.012248632,0.022507051,1025.074424695,844.055668015,-302.486906368,-0.051715648,-0.002480893,-0.011318339,0.052997810
2026082404,1,r2,39,15.000000,45.000000,1,1.000000000,10.0,10,1025.235325000,844.030248000,-302.471881000,0.143192159,-0.030819416,-0.026547224,0.148857603,-0.007127037,-0.003188890,0.006164790,0.009948282,1025.228197963,844.027059110,-302.465716210,0.102057619,-0.031089799,0.009871819,0.107143764
2026082404,1,r2,40,15.000000,90.000000,1,1.000000000,10.0,10,1025.108655000,844.122785000,-302.467984000,0.016522159,0.061717584,-0.022650224,0.067786979,0.025687416,-0.059239208,-0.006518611,0.064896991,1025.134342416,844.063545792,-302.474502611,0.008202072,0.005396883,0.001085418,0.009878181
2026082404,1,r2,41,15.000000,180.000000,1,1.000000000,10.0,10,1025.103826000,844.245138000,-302.428337000,0.011693159,0.184070584,0.016996776,0.185223110,0.077212347,-0.147025863,-0.023634515,0.167740696,1025.181038347,844.098112137,-302.451971515,0.054898003,0.039963229,0.023616514,0.071892908
2026082404,1,r2,42,15.000000,225.000000,1,1.000000000,10.0,10,1025.064637000,844.257145000,-302.465019000,-0.027495841,0.196077584,-0.019685224,0.198972230,0.092339587,-0.130762148,-0.016370960,0.160914098,1025.156976587,844.126382852,-302.481389960,0.030836244,0.068233943,-0.005801931,0.075102646
2026082404,1,r2,43,15.000000,270.000000,1,1.000000000,10.0,10,1025.017309000,844.190589000,-302.467020000,-0.074823841,0.129521584,-0.021686224,0.151144766,0.078349813,-0.077135162,-0.002505826,0.109976387,1025.095658813,844.113453838,-302.469525826,-0.030481530,0.055304930,0.006062203,0.063439020
2026082404,1,r2,44,15.000000,0.000000,2,0.500000000,10.0,10,1025.092976000,844.045346000,-302.499886000,0.000843159,-0.015721416,-0.054552224,0.056778684,-0.010792305,0.015494015,0.012248632,0.022507051,1025.082183695,844.060840015,-302.487637368,-0.043956648,0.002691107,-0.012049339,0.045657590
2026082404,1,r2,45,-15.000000,0.000000,2,0.500000000,10.0,10,1025.214422000,844.043510000,-302.457489000,0.122289159,-0.017557416,-0.012155224,0.124139642,-0.016929789,0.012681662,-0.018306321,0.027974340,1025.197492211,844.056191662,-302.475795321,0.071351868,-0.001957247,-0.000207292,0.071379008
2026082404,1,r2,46,-15.000000,45.000000,1,1.000000000,10.0,10,1025.191863000,844.175100000,-302.461490000,0.099730159,0.114032584,-0.016156224,0.152350118,-0.002018268,-0.028391598,-0.020831817,0.035272097,1025.189844732,844.146708402,-302.482321817,0.063704388,0.088559494,-0.006733788,0.109299483
2026082404,1,r2,47,-15.000000,90.000000,1,1.000000000,10.0,10,1025.117563000,844.211417000,-302.463390000,0.025430159,0.150349584,-0.018056224,0.153550375,0.027043634,-0.072577413,-0.033199242,0.084267602,1025.144606634,844.138839587,-302.496589242,0.018466291,0.080690678,-0.021001213,0.085399300
2026082404,1,r2,48,-15.000000,180.000000,1,1.000000000,10.0,10,1024.984936000,844.227319000,-302.445615000,-0.107196841,0.166251584,-0.000281224,0.197815144,0.071105793,-0.149908844,-0.054182778,0.174540736,1025.056041793,844.077410156,-302.499797778,-0.070098551,0.019261248,-0.024209749,0.076621893
2026082404,1,r2,49,-15.000000,225.000000,1,1.000000000,10.0,10,1024.984459000,844.055611000,-302.439380000,-0.107673841,-0.005456416,0.005953776,0.107976275,0.046323004,-0.039221965,-0.054426174,0.081525405,1025.030782004,844.016389035,-302.493806174,-0.095358339,-0.041759874,-0.018218145,0.105683493
2026082404,1,r2,50,-15.000000,270.000000,1,1.000000000,10.0,10,1025.109807000,843.921178000,-302.438413000,0.017674159,-0.139889416,0.006920776,0.141171250,0.007372936,0.074696640,-0.044832380,0.087429346,1025.117179936,843.995874640,-302.483245380,-0.008960408,-0.062274269,-0.007657351,0.063379874
2026082404,1,r2,51,-15.000000,0.000000,2,0.500000000,10.0,10,1025.209211000,844.049241000,-302.458862000,0.117078159,-0.011826416,-0.013528224,0.118449028,-0.016929789,0.012681662,-0.018306321,0.027974340,1025.192281211,844.061922662,-302.477168321,0.066140868,0.003773753,-0.001580292,0.066267284
2026082404,1,r2,52,30.000000,0.000000,2,0.500000000,10.0,10,1025.195314000,844.025207000,-302.522207000,0.103181159,-0.035860416,-0.076873224,0.133573252,-0.036661200,0.048585393,0.021942780,0.064699842,1025.158652800,844.073792393,-302.500264220,0.032512457,0.015643484,-0.024676191,0.043711472
2026082404,1,r2,53,30.000000,90.000000,1,1.000000000,10.0,10,1025.101691000,844.068523000,-302.471360000,0.009558159,0.007455584,-0.026026224,0.028710773,0.035117231,-0.013503255,-0.001109306,0.037640249,1025.136808231,844.055019745,-302.472469306,0.010667887,-0.003129164,0.003118723,0.011546511
2026082404,1,r2,54,30.000000,180.000000,1,1.000000000,10.0,10,1025.032698000,844.240888000,-302.451692000,-0.059434841,0.179820584,-0.006358224,0.189495039,0.145524286,-0.133549804,-0.017544952,0.198294461,1025.178222286,844.107338196,-302.469236952,0.052081943,0.049189288,0.006351076,0.071919754
2026082404,1,r2,55,30.000000,270.000000,1,1.000000000,10.0,10,1024.962686000,844.115922000,-302.480426000,-0.129446841,0.054854584,-0.035092224,0.144903327,0.154438188,0.021152536,0.002602110,0.155901747,1025.117124188,844.137074536,-302.477823890,-0.009016155,0.078925628,-0.002235862,0.079470402
2026082404,1,r2,56,30.000000,0.000000,2,0.500000000,10.0,10,1025.210604000,844.020464000,-302.527313000,0.118471159,-0.040603416,-0.081979224,0.149681816,-0.036661200,0.048585393,0.021942780,0.064699842,1025.173942800,844.069049393,-302.505370220,0.047802457,0.010900484,-0.029782191,0.057366143
2026082404,1,r2,57,-30.000000,0.000000,2,0.500000000,10.0,10,1025.201282000,844.063885000,-302.449114000,0.109149159,0.002817584,-0.003780224,0.109250940,-0.046505082,0.035941644,-0.040115848,0.071160422,1025.154776918,844.099826644,-302.489229848,0.028636575,0.041677735,-0.013641819,0.052375436
2026082404,1,r2,58,-30.000000,90.000000,1,1.000000000,10.0,10,1025.095751000,844.148043000,-302.440982000,0.003618159,0.086975584,0.004351776,0.087159516,0.039750071,-0.046481388,-0.055683317,0.082711664,1025.135501071,844.101561612,-302.496665317,0.009360727,0.043412704,-0.021077288,0.049158297
2026082404,1,r2,59,-30.000000,180.000000,1,1.000000000,10.0,10,1025.041698000,844.215989000,-302.426366000,-0.050434841,0.154921584,0.018967776,0.164024836,0.135740157,-0.146329994,-0.079590656,0.214877942,1025.177438157,844.069659006,-302.505956656,0.051297813,0.011510097,-0.030368627,0.060714096
2026082404,1,r2,60,-30.000000,270.000000,1,1.000000000,10.0,10,1025.142619000,843.745641000,-302.408980000,0.050486159,-0.315426416,0.036353776,0.321503146,0.019334217,0.307258354,-0.082197504,0.318650181,1025.161953217,844.052899354,-302.491177504,0.035812873,-0.005249555,-0.015589475,0.039410042
2026082404,1,r2,61,-30.000000,0.000000,2,0.500000000,10.0,10,1025.198051000,844.058006000,-302.457939000,0.105918159,-0.003061416,-0.012605224,0.106709514,-0.046505082,0.035941644,-0.040115848,0.071160422,1025.151545918,844.093947644,-302.498054848,0.025405575,0.035798735,-0.022466819,0.049312784
2026082404,1,r2,62,45.000000,0.000000,2,0.500000000,10.0,10,1025.278366000,843.950107000,-302.479414000,0.186233159,-0.110960416,-0.034080224,0.219445814,-0.050747630,0.073402763,0.035176090,0.095919992,1025.227618370,844.023509763,-302.444237910,0.101478027,-0.034639145,0.031350119,0.111716115
2026082404,1,r2,63,45.000000,90.000000,1,1.000000000,10.0,10,1025.102862000,843.963597000,-302.455437000,0.010729159,-0.097470416,-0.010103224,0.098578253,0.034826584,0.071102813,-0.000563512,0.079175871,1025.137688584,844.034699813,-302.456000512,0.011548241,-0.023449095,0.019587517,0.032663325
2026082404,1,r2,64,45.000000,180.000000,1,1.000000000,10.0,10,1024.888086000,844.184042000,-302.490305000,-0.204046841,0.122974584,-0.044971224,0.242446432,0.178523105,-0.118528288,-0.006115054,0.214375483,1025.066609105,844.065513712,-302.496420054,-0.059531239,0.007364803,-0.020832025,0.063499465
2026082404,1,r2,65,45.000000,270.000000,1,1.000000000,10.0,10,1024.933133000,843.967470000,-302.496360000,-0.158999841,-0.093597416,-0.051026224,0.191429102,0.199566334,0.104428513,0.005612226,0.225307641,1025.132699334,844.071898513,-302.490747774,0.006558990,0.013749604,-0.015159745,0.021491623
2026082404,1,r2,66,45.000000,0.000000,2,0.500000000,10.0,10,1025.279440000,843.952837000,-302.478434000,0.187307159,-0.108230416,-0.033100224,0.218845652,-0.050747630,0.073402763,0.035176090,0.095919992,1025.228692370,844.026239763,-302.443257910,0.102552027,-0.031909145,0.032330119,0.112162152
2026082404,1,r2,67,-45.000000,0.000000,2,0.500000000,10.0,10,1025.118160000,844.041985000,-302.442946000,0.026027159,-0.019082416,0.002387776,0.032361290,-0.060140747,0.039299972,-0.059406850,0.093223232,1025.058019253,844.081284972,-302.502352850,-0.068121090,0.023136064,-0.026764821,0.076760120
2026082404,1,r2,68,-45.000000,90.000000,1,1.000000000,10.0,10,1025.069365000,844.039964000,-302.401566000,-0.022767841,-0.021103416,0.043767776,0.053659547,0.045906643,0.008242860,-0.084561605,0.096571371,1025.115271643,844.048206860,-302.486127605,-0.010868700,-0.009942048,-0.010539576,0.018112306
2026082404,1,r2,69,-45.000000,180.000000,1,1.000000000,10.0,10,1025.069565000,844.179473000,-302.354290000,-0.022567841,0.118405584,0.091043776,0.151056807,0.169214490,-0.152824037,-0.100679716,0.249249142,1025.238779490,844.026648963,-302.454969716,0.112639146,-0.031499946,0.020618313,0.118764215
2026082404,1,r2,70,-45.000000,270.000000,1,1.000000000,10.0,10,1025.151792000,843.518070000,-302.329221000,0.059659159,-0.542997416,0.116112776,0.558468966,0.013028699,0.492821410,-0.121131323,0.507656859,1025.164820699,844.010891410,-302.450352323,0.038680356,-0.047257498,0.025235706,0.066077847
2026082404,1,r2,71,-45.000000,0.000000,2,0.500000000,10.0,10,1025.121915000,844.041353000,-302.443993000,0.029782159,-0.019714416,0.001340776,0.035741193,-0.060140747,0.039299972,-0.059406850,0.093223232,1025.061774253,844.080652972,-302.503399850,-0.064366090,0.022504064,-0.027811821,0.073640504
2026082404,1,r2,72,0.000000,0.000000,5,0.200000000,10.0,10,1025.027500000,844.054272000,-302.503493000,-0.064632841,-0.006795416,-0.058159224,0.087212826,0.000000000,0.000000000,0.000000000,0.000000000,1025.027500000,844.054272000,-302.503493000,-0.098640343,-0.003876909,-0.027904971,0.102584771
2026082404,1,r2,73,60.000000,0.000000,2,0.500000000,10.0,10,1025.127745000,843.897345000,-302.499083000,0.035612159,-0.163722416,-0.053749224,0.175960889,-0.039444855,0.076093142,0.054275241,0.101448828,1025.088300145,843.973438142,-302.444807759,-0.037840199,-0.084710767,0.030780270,0.097750804
2026082404,1,r2,74,60.000000,90.000000,1,1.000000000,10.0,10,1025.086003000,843.869443000,-302.467438000,-0.006129841,-0.191624416,-0.022104224,0.192992457,0.018297621,0.195131968,-0.004762330,0.196045830,1025.104300621,844.064574968,-302.472200330,-0.021839722,0.006426059,0.003387699,0.023016173
2026082404,1,r2,75,60.000000,180.000000,1,1.000000000,10.0,10,1024.836410000,844.172880000,-302.488922000,-0.255722841,0.111812584,-0.043588224,0.282482138,0.142718760,-0.105992113,0.014782777,0.178385826,1024.979128760,844.066887887,-302.474139223,-0.147011583,0.008738978,0.001448806,0.147278221
2026082404,1,r2,76,60.000000,270.000000,1,1.000000000,10.0,10,1024.852197000,843.859816000,-302.498676000,-0.239935841,-0.201251416,-0.053342224,0.317673941,0.188765801,0.112994927,0.010012423,0.220228586,1025.040962801,843.972810927,-302.488663577,-0.085177542,-0.085337981,-0.013075548,0.121279655
2026082404,1,r2,77,60.000000,0.000000,2,0.500000000,10.0,10,1025.133393000,843.898307000,-302.511014000,0.041260159,-0.162760416,-0.065680224,0.180297658,-0.039444855,0.076093142,0.054275241,0.101448828,1025.093948145,843.974400142,-302.456738759,-0.032192199,-0.083748767,0.018849270,0.091681452
2026082404,1,r2,78,-60.000000,0.000000,2,0.500000000,10.0,10,1025.075883000,844.069402000,-302.370857000,-0.016249841,0.008334584,0.074476776,0.076683198,-0.043721429,0.008433958,-0.072448320,0.085037957,1025.032161571,844.077835958,-302.443305320,-0.093978773,0.019687050,0.032282708,0.101300360
2026082404,1,r2,79,-60.000000,90.000000,1,1.000000000,10.0,10,1025.020205000,843.949544000,-302.345623000,-0.071927841,-0.111523416,0.099710776,0.165991944,0.039095465,0.092252598,-0.118522156,0.155198256,1025.059300465,844.041796598,-302.464145156,-0.066839878,-0.016352310,0.011442873,0.069756052
2026082404,1,r2,80,-60.000000,180.000000,1,1.000000000,10.0,10,1024.897853000,844.169961000,-302.316979000,-0.194279841,0.108893584,0.128354776,0.257055282,0.138545680,-0.173887621,-0.111918398,0.248912712,1025.036398680,843.996073379,-302.428897398,-0.089741663,-0.062075530,0.046690631,0.118688469
2026082404,1,r2,81,-60.000000,270.000000,1,1.000000000,10.0,10,1025.158067000,843.391105000,-302.282069000,0.065934159,-0.669962416,0.163264776,0.692713750,-0.032467612,0.562785172,-0.156099680,0.584934531,1025.125599388,843.953890172,-302.438168680,-0.000540955,-0.104258737,0.037419349,0.110771768
2026082404,1,r2,82,-60.000000,0.000000,2,0.500000000,10.0,10,1025.073473000,844.068450000,-302.368823000,-0.018659841,0.007382584,0.076510776,0.079098616,-0.043721429,0.008433958,-0.072448320,0.085037957,1025.029751571,844.076883958,-302.441271320,-0.096388773,0.018735050,0.034316708,0.104016509
2026082404,1,r2,83,90.000000,0.000000,2,0.500000000,10.0,10,1025.165619000,843.899111000,-302.452784000,0.073486159,-0.161956416,-0.007450224,0.178004500,-0.007605089,0.075152568,0.088333925,0.116226624,1025.158013911,843.974263568,-302.364450075,0.031873568,-0.083885341,0.111137954,0.142843689
2026082404,1,r2,84,90.000000,90.000000,1,1.000000000,10.0,10,1025.192015000,843.559589000,-302.493462000,0.099882159,-0.501478416,-0.048128224,0.513588720,-0.025499531,0.493669144,-0.027012496,0.495064768,1025.166515469,844.053258144,-302.520474496,0.040375126,-0.004890765,-0.044886467,0.060571159
2026082404,1,r2,85,90.000000,180.000000,1,1.000000000,10.0,10,1025.166337000,844.079006000,-302.449916000,0.074204159,0.017938584,-0.004582224,0.076479061,0.033257653,-0.077442069,0.054241933,0.100227405,1025.199594653,844.001563931,-302.395674067,0.073454309,-0.056584977,0.079913962,0.122407665
2026082404,1,r2,86,90.000000,270.000000,1,1.000000000,10.0,10,1025.009498000,843.789042000,-302.473880000,-0.082634841,-0.272025416,-0.028546224,0.285729296,0.114254779,0.174519885,0.003198533,0.208618253,1025.123752779,843.963561885,-302.470681467,-0.002387564,-0.094587024,0.004906562,0.094744287
2026082404,1,r2,87,90.000000,0.000000,2,0.500000000,10.0,10,1025.155968000,843.906839000,-302.459507000,0.063835159,-0.154228416,-0.014173224,0.167517796,-0.007605089,0.075152568,0.088333925,0.116226624,1025.148362911,843.981991568,-302.371173075,0.022222568,-0.076157341,0.104414954,0.131134533
2026082404,1,r2,88,-90.000000,0.000000,2,0.500000000,10.0,10,1025.135447000,844.072844000,-302.252879000,0.043314159,0.011776584,0.192454776,0.197619952,0.007605080,-0.075152394,-0.088333959,0.116226537,1025.143052080,843.997691606,-302.341212959,0.016911736,-0.060457303,0.134375070,0.148316391
2026082404,1,r2,89,-90.000000,90.000000,1,1.000000000,10.0,10,1025.172040000,843.706646000,-302.234532000,0.079907159,-0.354421416,0.210801776,0.420044144,0.018664081,0.302695413,-0.188711147,0.357190087,1025.190704081,844.009341413,-302.423243147,0.064563738,-0.048807495,0.052344882,0.096387937
2026082404,1,r2,90,-90.000000,180.000000,1,1.000000000,10.0,10,1025.175032000,844.287392000,-302.172910000,0.082899159,0.226324584,0.272423776,0.363744143,0.048587326,-0.228019915,-0.122400102,0.263316529,1025.223619326,844.059372085,-302.295310102,0.097478982,0.001223176,0.180277927,0.204948236
2026082404,1,r2,91,-90.000000,270.000000,1,1.000000000,10.0,10,1025.225693000,843.397273000,-302.232117000,0.133560159,-0.663794416,0.213216776,0.709875155,-0.121055232,0.621714055,-0.218951321,0.670165962,1025.104637768,844.018987055,-302.451068321,-0.021502575,-0.039161853,0.024519708,0.050963002
2026082404,1,r2,92,-90.000000,0.000000,2,0.500000000,10.0,10,1025.137671000,844.072028000,-302.258823000,0.045538159,0.010960584,0.186510776,0.192302179,0.007605080,-0.075152394,-0.088333959,0.116226537,1025.145276080,843.996875606,-302.347156959,0.019135736,-0.061273303,0.128431070,0.143579713
2026082404,1,r2,93,0.000000,0.000000,5,0.200000000,10.0,10,1025.014922000,844.047862000,-302.503323000,-0.077210841,-0.013205416,-0.057989224,0.097461002,0.000000000,0.000000000,0.000000000,0.000000000,1025.014922000,844.047862000,-302.503323000,-0.111218343,-0.010286909,-0.027734971,0.115085051
2026082404,1,r2,94,0.000000,45.000000,2,0.500000000,10.0,10,1025.066396000,844.055733000,-302.495324000,-0.025736841,-0.005334416,-0.049990224,0.056478876,0.005986774,-0.022343859,-0.004985612,0.023663174,1025.072382774,844.033389141,-302.500309612,-0.053757570,-0.024759767,-0.024721583,0.064141087
2026082404,1,r2,95,0.000000,90.000000,2,0.500000000,10.0,10,1025.104352000,844.103839000,-302.480657000,0.012219159,0.042771584,-0.035323224,0.056801817,0.020452497,-0.076332885,-0.017032248,0.080840036,1025.124804497,844.027506115,-302.497689248,-0.001335846,-0.030642794,-0.022101219,0.037805147
2026082404,1,r2,96,0.000000,135.000000,2,0.500000000,10.0,10,1025.115528000,844.175721000,-302.463491000,0.023395159,0.114653584,-0.018157224,0.118416480,0.034923346,-0.130341040,-0.029083152,0.138037156,1025.150451346,844.045379960,-302.492574152,0.024311003,-0.012768948,-0.016986123,0.032289306
2026082404,1,r2,97,0.000000,180.000000,2,0.500000000,10.0,10,1025.161521000,844.235278000,-302.457158000,0.069388159,0.174210584,-0.011824224,0.187893205,0.040922493,-0.152731079,-0.034079068,0.161749237,1025.202443493,844.082546921,-302.491237068,0.076303150,0.024398013,-0.015649039,0.081623074
2026082404,1,r2,98,0.000000,225.000000,2,0.500000000,10.0,10,1025.119807000,844.268341000,-302.459991000,0.027674159,0.207273584,-0.014657224,0.209625934,0.034935720,-0.130387220,-0.029093456,0.138086063,1025.154742720,844.137953780,-302.489084456,0.028602376,0.079804871,-0.013496427,0.085843270
2026082404,1,r2,99,0.000000,270.000000,2,0.500000000,10.0,10,1025.076069000,844.197707000,-302.471991000,-0.016063841,0.136639584,-0.026657224,0.140139325,0.020469996,-0.076398194,-0.017046820,0.080909201,1025.096538996,844.121308806,-302.489037820,-0.029601347,0.063159898,-0.013449791,0.071037380
2026082404,1,r2,100,0.000000,315.000000,2,0.500000000,10.0,10,1025.023964000,844.144903000,-302.490658000,-0.068168841,0.083835584,-0.045324224,0.117173723,0.005999147,-0.022390039,-0.004995916,0.023712081,1025.029963147,844.122512961,-302.495653916,-0.096177196,0.064364053,-0.020065887,0.117453924
2026082404,1,r2,101,0.000000,0.000000,5,0.200000000,10.0,10,1025.007919000,844.055749000,-302.501825000,-0.084213841,-0.005318416,-0.056491224,0.101545630,0.000000000,0.000000000,0.000000000,0.000000000,1025.007919000,844.055749000,-302.501825000,-0.118221343,-0.002399909,-0.026236971,0.121121527
