campaign_id,attempt_id,sample_seq,abs_b_deg,abs_c_deg,pose_multiplicity,fit_weight,center_abs_x_mm,center_abs_y_mm,center_abs_z_mm,current_residual_x_mm,current_residual_y_mm,current_residual_z_mm,current_residual_norm_mm,candidate_delta_x_mm,candidate_delta_y_mm,candidate_delta_z_mm,candidate_delta_norm_mm,candidate_center_x_mm,candidate_center_y_mm,candidate_center_z_mm,candidate_residual_x_mm,candidate_residual_y_mm,candidate_residual_z_mm,candidate_residual_norm_mm
2026082404,1,1,0.000000,0.000000,5,0.200000000,1024.996367000,844.034833000,-302.503949000,-0.095765841,-0.026234416,-0.058615224,0.115304316,0.000000000,0.000000000,0.000000000,0.000000000,1024.996367000,844.034833000,-302.503949000,-0.125663012,-0.028775155,-0.035105147,0.133609781
2026082404,1,2,0.000000,45.000000,2,0.500000000,1025.067910000,844.038028000,-302.497611000,-0.024222841,-0.023039416,-0.052277224,0.062052146,-0.010449681,-0.026801901,-0.001820947,0.028824531,1025.057460319,844.011226099,-302.499431947,-0.064569693,-0.052382057,-0.030588094,0.088593209
2026082404,1,3,0.000000,90.000000,2,0.500000000,1025.110792000,844.092228000,-302.485445000,0.018659159,0.031160584,-0.040111224,0.054111519,-0.003995083,-0.072948971,-0.010059384,0.073747572,1025.106796917,844.019279029,-302.495504384,-0.015233095,-0.044329127,-0.026660532,0.053924972
2026082404,1,4,0.000000,135.000000,2,0.500000000,1025.116993000,844.181488000,-302.468269000,0.024860159,0.120420584,-0.022935224,0.125080650,0.015582779,-0.111408883,-0.019889348,0.114238121,1025.132575779,844.070079117,-302.488158348,0.010545767,0.006470962,-0.019314495,0.022937661
2026082404,1,5,0.000000,180.000000,2,0.500000000,1025.158522000,844.241469000,-302.461936000,0.066389159,0.180401584,-0.016602224,0.192945292,0.036815458,-0.119652341,-0.025552578,0.127769303,1025.195337458,844.121816659,-302.487488578,0.073307446,0.058208504,-0.018644725,0.095445468
2026082404,1,6,0.000000,225.000000,2,0.500000000,1025.104677000,844.266559000,-302.464769000,0.012544159,0.205491584,-0.019435224,0.206789446,0.047265139,-0.092850439,-0.023731631,0.106856857,1025.151942139,844.173708561,-302.488500631,0.029912127,0.110100405,-0.019656779,0.115772292
2026082404,1,7,0.000000,270.000000,2,0.500000000,1025.060522000,844.183104000,-302.478433000,-0.031610841,0.122036584,-0.033099224,0.130336993,0.040810541,-0.046703369,-0.015493194,0.063927646,1025.101332541,844.136400631,-302.493926194,-0.020697471,0.072792475,-0.025082341,0.079726116
2026082404,1,8,0.000000,315.000000,2,0.500000000,1025.009759000,844.129539000,-302.493766000,-0.082373841,0.068471584,-0.048432224,0.117556317,0.021232679,-0.008243458,-0.005663230,0.023470267,1025.030991679,844.121295542,-302.499429230,-0.091038333,0.057687387,-0.030585378,0.112032486
2026082404,1,9,0.000000,0.000000,5,0.200000000,1025.006139000,844.037862000,-302.506600000,-0.085993841,-0.023205416,-0.061266224,0.108106346,0.000000000,0.000000000,0.000000000,0.000000000,1025.006139000,844.037862000,-302.506600000,-0.115891012,-0.025746155,-0.037756147,0.124575751
2026082404,1,10,5.000000,0.000000,2,0.500000000,1025.058167000,844.020837000,-302.489757000,-0.033965841,-0.040230416,-0.044423224,0.068888225,-0.001156432,0.006269753,0.005380449,0.008342444,1025.057010568,844.027106753,-302.484376551,-0.065019444,-0.036501403,-0.015532698,0.076165249
2026082404,1,11,5.000000,45.000000,1,1.000000000,1025.087162000,844.015427000,-302.492393000,-0.004970841,-0.045640416,-0.047059224,0.065744409,-0.012588848,-0.018939757,0.002954349,0.022932982,1025.074573152,843.996487243,-302.489438651,-0.047456860,-0.067120912,-0.020594799,0.084743827
2026082404,1,12,5.000000,90.000000,1,1.000000000,1025.107302000,844.102596000,-302.481994000,0.015169159,0.041528584,-0.036660224,0.057434299,-0.004040544,-0.067442242,-0.005580504,0.067793245,1025.103261456,844.035153758,-302.487574504,-0.018768556,-0.028454398,-0.018730651,0.038894071
2026082404,1,13,5.000000,180.000000,1,1.000000000,1025.109477000,844.245437000,-302.463764000,0.017344159,0.184369584,-0.018430224,0.186098459,0.040321375,-0.115344232,-0.020596451,0.123912546,1025.149798375,844.130092768,-302.484360451,0.027768363,0.066484612,-0.015516598,0.073702445
2026082404,1,14,5.000000,225.000000,1,1.000000000,1025.040720000,844.279127000,-302.467961000,-0.051412841,0.218059584,-0.022627224,0.225178271,0.055618304,-0.098442671,-0.017903015,0.114476518,1025.096338304,844.180684329,-302.485864015,-0.025691708,0.117076173,-0.017020163,0.121064364
2026082404,1,15,5.000000,270.000000,1,1.000000000,1025.048769000,844.200105000,-302.476832000,-0.043363841,0.139037584,-0.031498224,0.149010102,0.050941128,-0.058262356,-0.009100371,0.077925076,1025.099710128,844.141842644,-302.485932371,-0.022319884,0.078234488,-0.017088518,0.083131401
2026082404,1,16,5.000000,0.000000,2,0.500000000,1025.052306000,844.021722000,-302.488370000,-0.039826841,-0.039345416,-0.043036224,0.070614131,-0.001156432,0.006269753,0.005380449,0.008342444,1025.051149568,844.027991753,-302.482989551,-0.070880444,-0.035616403,-0.014145698,0.080577082
2026082404,1,17,-5.000000,0.000000,2,0.500000000,1025.154202000,844.048438000,-302.504064000,0.062069159,-0.012629416,-0.058730224,0.086378943,-0.001121497,-0.000630720,-0.005545024,0.005692350,1025.153080503,844.047807280,-302.509609024,0.031050491,-0.015800875,-0.040765171,0.053624620
2026082404,1,18,-5.000000,45.000000,1,1.000000000,1025.189785000,844.141396000,-302.493966000,0.097652159,0.080328584,-0.048632224,0.135475898,-0.009481316,-0.031957541,-0.006998965,0.034061199,1025.180303684,844.109438459,-302.500964965,0.058273672,0.045830303,-0.032121113,0.080796061
2026082404,1,19,-5.000000,90.000000,1,1.000000000,1025.114527000,844.238324000,-302.479153000,0.022394159,0.177256584,-0.033819224,0.181838211,-0.001958199,-0.077218660,-0.015447497,0.078772972,1025.112568801,844.161105340,-302.494600497,-0.009461211,0.097497185,-0.025756645,0.101284847
2026082404,1,20,-5.000000,180.000000,1,1.000000000,1024.983844000,844.218480000,-302.438871000,-0.108288841,0.157412584,0.006462776,0.191172598,0.040364761,-0.122264001,-0.031520096,0.132556842,1025.024208761,844.096215999,-302.470391096,-0.097821251,0.032607844,-0.001547244,0.103124501
2026082404,1,21,-5.000000,225.000000,1,1.000000000,1025.033307000,844.106567000,-302.450414000,-0.058825841,0.045499584,-0.005080224,0.074541937,0.044758014,-0.079565441,-0.030877622,0.096370985,1025.078065014,844.027001559,-302.481291622,-0.043964998,-0.036606596,-0.012447769,0.058548364
2026082404,1,22,-5.000000,270.000000,1,1.000000000,1025.066676000,844.019202000,-302.469893000,-0.025456841,-0.041865416,-0.024559224,0.054808022,0.033261540,-0.022913116,-0.023241945,0.046599667,1025.099937540,843.996288884,-302.493134945,-0.022092472,-0.067319271,-0.024291093,0.074900059
2026082404,1,23,-5.000000,0.000000,2,0.500000000,1025.155082000,844.051437000,-302.503501000,0.062949159,-0.009630416,-0.058167224,0.086248290,-0.001121497,-0.000630720,-0.005545024,0.005692350,1025.153960503,844.050806280,-302.509046024,0.031930491,-0.012801875,-0.040202171,0.052911803
2026082404,1,24,10.000000,0.000000,2,0.500000000,1025.152158000,844.036124000,-302.502525000,0.060025159,-0.024943416,-0.057191224,0.086579615,-0.004453283,0.017812205,0.010564675,0.021182982,1025.147704717,844.053936205,-302.491960325,0.025674705,-0.009671951,-0.023116473,0.035876293
2026082404,1,25,10.000000,45.000000,1,1.000000000,1025.174958000,844.021962000,-302.476092000,0.082825159,-0.039105416,-0.030758224,0.096619402,-0.015819267,-0.008497312,0.007297960,0.019383336,1025.159138733,844.013464688,-302.468794040,0.037108721,-0.050143467,0.000049813,0.062381303
2026082404,1,26,10.000000,90.000000,1,1.000000000,1025.103604000,844.102297000,-302.472027000,0.011471159,0.041229584,-0.026693224,0.050438024,-0.002212527,-0.060637019,-0.002024340,0.060711130,1025.101391473,844.041659981,-302.474051340,-0.020638539,-0.021948174,-0.005207488,0.030574329
2026082404,1,27,10.000000,180.000000,1,1.000000000,1025.146255000,844.246612000,-302.456402000,0.054122159,0.185544584,-0.011068224,0.193593663,0.050457195,-0.109468316,-0.016632288,0.121679389,1025.196712195,844.137143684,-302.473034288,0.074682183,0.073535528,-0.004190436,0.104892622
2026082404,1,28,10.000000,225.000000,1,1.000000000,1025.036707000,844.275966000,-302.469353000,-0.055425841,0.214898584,-0.024019224,0.223227123,0.069420739,-0.096647677,-0.013377072,0.119745391,1025.106127739,844.179318323,-302.482730072,-0.015902273,0.115710167,-0.013886219,0.117620373
2026082404,1,29,10.000000,270.000000,1,1.000000000,1025.034690000,844.212571000,-302.472705000,-0.057442841,0.151503584,-0.027371224,0.164323461,0.063424566,-0.058019940,-0.004066288,0.086055353,1025.098114566,844.154551060,-302.476771288,-0.023915446,0.090942905,-0.007927435,0.094368452
2026082404,1,30,10.000000,0.000000,2,0.500000000,1025.149059000,844.036436000,-302.496670000,0.056926159,-0.024631416,-0.051336224,0.080515229,-0.004453283,0.017812205,0.010564675,0.021182982,1025.144605717,844.054248205,-302.486105325,0.022575705,-0.009359951,-0.017261473,0.029920387
2026082404,1,31,-10.000000,0.000000,2,0.500000000,1025.225001000,844.044656000,-302.492992000,0.132868159,-0.016411416,-0.047658224,0.142107665,-0.004383678,0.004063777,-0.011203123,0.012698066,1025.220617322,844.048719777,-302.504195123,0.098587310,-0.014888378,-0.035351270,0.105786737
2026082404,1,32,-10.000000,45.000000,1,1.000000000,1025.226308000,844.161294000,-302.482075000,0.134175159,0.100226584,-0.036741224,0.171459205,-0.009627854,-0.034433807,-0.012532916,0.037887420,1025.216680146,844.126860193,-302.494607916,0.094650134,0.063252038,-0.025764064,0.116718701
2026082404,1,33,-10.000000,90.000000,1,1.000000000,1025.120351000,844.246695000,-302.470863000,0.028218159,0.185627584,-0.025529224,0.189487746,0.001936314,-0.080115450,-0.021683234,0.083020463,1025.122287314,844.166579550,-302.492546234,0.000257302,0.102971395,-0.023702381,0.105664456
2026082404,1,34,-10.000000,180.000000,1,1.000000000,1025.072984000,844.219936000,-302.444299000,-0.019148841,0.158868584,0.001034776,0.160021798,0.050543636,-0.123255189,-0.038396444,0.138639055,1025.123527636,844.096680811,-302.482695444,0.001497624,0.033072656,-0.013851591,0.035887463
2026082404,1,35,-10.000000,225.000000,1,1.000000000,1025.054390000,844.099561000,-302.450223000,-0.037742841,0.038493584,-0.004889224,0.054131161,0.047782813,-0.059036883,-0.039227540,0.085483043,1025.102172813,844.040524117,-302.489450540,-0.019857199,-0.023084039,-0.020606687,0.036767061
2026082404,1,36,-10.000000,270.000000,1,1.000000000,1025.087039000,843.969389000,-302.456304000,-0.005093841,-0.091678416,-0.010970224,0.092472834,0.028199942,0.012409512,-0.032241811,0.044595595,1025.115238942,843.981798512,-302.488545811,-0.006791070,-0.081809643,-0.019701958,0.084422175
2026082404,1,37,-10.000000,0.000000,2,0.500000000,1025.249047000,844.042402000,-302.489914000,0.156914159,-0.018665416,-0.044580224,0.164188451,-0.004383678,0.004063777,-0.011203123,0.012698066,1025.244663322,844.046465777,-302.501117123,0.122633310,-0.017142378,-0.032273270,0.127962314
2026082404,1,38,15.000000,0.000000,2,0.500000000,1025.085217000,844.040174000,-302.499155000,-0.006915841,-0.020893416,-0.053821224,0.058147122,-0.009494863,0.033622090,0.015539995,0.038237270,1025.075722137,844.073796090,-302.483615005,-0.046307875,0.010187934,-0.014771152,0.049662866
2026082404,1,39,15.000000,45.000000,1,1.000000000,1025.235325000,844.030248000,-302.471881000,0.143192159,-0.030819416,-0.026547224,0.148857603,-0.019934174,0.004254862,0.011198088,0.023256662,1025.215390826,844.034502862,-302.460682912,0.093360814,-0.029105293,0.008160940,0.098132363
2026082404,1,40,15.000000,90.000000,1,1.000000000,1025.108655000,844.122785000,-302.467984000,0.016522159,0.061717584,-0.022650224,0.067786979,0.001134450,-0.052287469,0.000641364,0.052303707,1025.109789450,844.070497531,-302.467342636,-0.012240562,0.006889375,0.001501217,0.014126164
2026082404,1,41,15.000000,180.000000,1,1.000000000,1025.103826000,844.245138000,-302.428337000,0.011693159,0.184070584,0.016996776,0.185223110,0.065997957,-0.102345308,-0.013525716,0.122528517,1025.169823957,844.142792692,-302.441862716,0.047793945,0.079184536,0.026981137,0.096345388
2026082404,1,42,15.000000,225.000000,1,1.000000000,1025.064637000,844.257145000,-302.465019000,-0.027495841,0.196077584,-0.019685224,0.198972230,0.087607999,-0.088481439,-0.010018182,0.124917935,1025.152244999,844.168663561,-302.475037182,0.030214987,0.105055406,-0.006193330,0.109489456
2026082404,1,43,15.000000,270.000000,1,1.000000000,1025.017309000,844.190589000,-302.467020000,-0.074823841,0.129521584,-0.021686224,0.151144766,0.077729230,-0.047469006,-0.000297261,0.091078143,1025.095038230,844.143119994,-302.467317261,-0.026991782,0.079511839,0.001526592,0.083982256
2026082404,1,44,15.000000,0.000000,2,0.500000000,1025.092976000,844.045346000,-302.499886000,0.000843159,-0.015721416,-0.054552224,0.056778684,-0.009494863,0.033622090,0.015539995,0.038237270,1025.083481137,844.078968090,-302.484346005,-0.038548875,0.015359934,-0.015502152,0.044297405
2026082404,1,45,-15.000000,0.000000,2,0.500000000,1025.214422000,844.043510000,-302.457489000,0.122289159,-0.017557416,-0.012155224,0.124139642,-0.009391119,0.013130341,-0.016904460,0.023374339,1025.205030881,844.056640341,-302.474393460,0.083000869,-0.006967815,-0.005549607,0.083477499
2026082404,1,46,-15.000000,45.000000,1,1.000000000,1025.191863000,844.175100000,-302.461490000,0.099730159,0.114032584,-0.016156224,0.152350118,-0.010706000,-0.034402951,-0.018359427,0.040438225,1025.181157000,844.140697049,-302.479849427,0.059126988,0.077088893,-0.011005574,0.097774336
2026082404,1,47,-15.000000,90.000000,1,1.000000000,1025.117563000,844.211417000,-302.463390000,0.025430159,0.150349584,-0.018056224,0.153550375,0.007318213,-0.081319671,-0.028659813,0.086532249,1025.124881213,844.130097329,-302.492049813,0.002851201,0.066489173,-0.023205960,0.070480182
2026082404,1,48,-15.000000,180.000000,1,1.000000000,1024.984936000,844.227319000,-302.445615000,-0.107196841,0.166251584,-0.000281224,0.197815144,0.066126795,-0.122894359,-0.045964743,0.146930372,1025.051062795,844.104424641,-302.491579743,-0.070967217,0.040816485,-0.022735890,0.084966182
2026082404,1,49,-15.000000,225.000000,1,1.000000000,1024.984459000,844.055611000,-302.439380000,-0.107673841,-0.005456416,0.005953776,0.107976275,0.055357114,-0.032423322,-0.048547774,0.080452273,1025.039816114,844.023187678,-302.487927774,-0.082213898,-0.040420478,-0.019083922,0.093579571
2026082404,1,50,-15.000000,270.000000,1,1.000000000,1025.109807000,843.921178000,-302.438413000,0.017674159,-0.139889416,0.006920776,0.141171250,0.025227651,0.057504647,-0.042292300,0.075709031,1025.135034651,843.978682647,-302.480705300,0.013004639,-0.084925509,-0.011861447,0.086730367
2026082404,1,51,-15.000000,0.000000,2,0.500000000,1025.209211000,844.049241000,-302.458862000,0.117078159,-0.011826416,-0.013528224,0.118449028,-0.009391119,0.013130341,-0.016904460,0.023374339,1025.199819881,844.062371341,-302.475766460,0.077789869,-0.001236815,-0.006922607,0.078107080
2026082404,1,52,30.000000,0.000000,2,0.500000000,1025.195314000,844.025207000,-302.522207000,0.103181159,-0.035860416,-0.076873224,0.133573252,-0.028429183,0.089922158,0.029292241,0.098753472,1025.166884817,844.115129158,-302.492914759,0.044854805,0.051521003,-0.024070907,0.072427728
2026082404,1,53,30.000000,90.000000,1,1.000000000,1025.101691000,844.068523000,-302.471360000,0.009558159,0.007455584,-0.026026224,0.028710773,0.014269961,-0.013676482,0.004121752,0.020190760,1025.115960961,844.054846518,-302.467238248,-0.006069051,-0.008761638,0.001605604,0.010778573
2026082404,1,54,30.000000,180.000000,1,1.000000000,1025.032698000,844.240888000,-302.451692000,-0.059434841,0.179820584,-0.006358224,0.189495039,0.124431763,-0.078705958,-0.006796839,0.147390938,1025.157129763,844.162182042,-302.458488839,0.035099751,0.098573886,0.010355014,0.105147658
2026082404,1,55,30.000000,270.000000,1,1.000000000,1024.962686000,844.115922000,-302.480426000,-0.129446841,0.054854584,-0.035092224,0.144903327,0.123100728,0.019856770,0.005394031,0.124808558,1025.085786728,844.135778770,-302.475031969,-0.036243284,0.072170614,-0.006188116,0.080996703
2026082404,1,56,30.000000,0.000000,2,0.500000000,1025.210604000,844.020464000,-302.527313000,0.118471159,-0.040603416,-0.081979224,0.149681816,-0.028429183,0.089922158,0.029292241,0.098753472,1025.182174817,844.110386158,-302.498020759,0.060144805,0.046778003,-0.029176907,0.081589650
2026082404,1,57,-30.000000,0.000000,2,0.500000000,1025.201282000,844.063885000,-302.449114000,0.109149159,0.002817584,-0.003780224,0.109250940,-0.028228765,0.050335138,-0.033385634,0.066671507,1025.173053235,844.114220138,-302.482499634,0.051023223,0.050611983,-0.013655781,0.073153417
2026082404,1,58,-30.000000,90.000000,1,1.000000000,1025.095751000,844.148043000,-302.440982000,0.003618159,0.086975584,0.004351776,0.087159516,0.026216074,-0.069762389,-0.052483776,0.091151633,1025.121967074,844.078280611,-302.493465776,-0.000062938,0.014672455,-0.024621923,0.028662240
2026082404,1,59,-30.000000,180.000000,1,1.000000000,1025.041698000,844.215989000,-302.426366000,-0.050434841,0.154921584,0.018967776,0.164024836,0.124680660,-0.118403676,-0.069464227,0.185445346,1025.166378660,844.097585324,-302.495830227,0.044348648,0.033977168,-0.026986374,0.062044459
2026082404,1,60,-30.000000,270.000000,1,1.000000000,1025.142619000,843.745641000,-302.408980000,0.050486159,-0.315426416,0.036353776,0.321503146,0.021675466,0.222650294,-0.075734154,0.236175023,1025.164294466,843.968291294,-302.484714154,0.042264454,-0.095316862,-0.015870302,0.105467790
2026082404,1,61,-30.000000,0.000000,2,0.500000000,1025.198051000,844.058006000,-302.457939000,0.105918159,-0.003061416,-0.012605224,0.106709514,-0.028228765,0.050335138,-0.033385634,0.066671507,1025.169822235,844.108341138,-302.491324634,0.047792223,0.044732983,-0.022480781,0.069213596
2026082404,1,62,45.000000,0.000000,2,0.500000000,1025.278366000,843.950107000,-302.479414000,0.186233159,-0.110960416,-0.034080224,0.219445814,-0.037913683,0.121497123,0.041591020,0.133898510,1025.240452317,844.071604123,-302.437822980,0.118422305,0.007995967,0.031020872,0.122678737
2026082404,1,63,45.000000,90.000000,1,1.000000000,1025.102862000,843.963597000,-302.455437000,0.010729159,-0.097470416,-0.010103224,0.098578253,0.018341726,0.054386176,0.002961709,0.057472139,1025.121203726,844.017983176,-302.452475291,-0.000826286,-0.045624980,0.016368562,0.048479391
2026082404,1,64,45.000000,180.000000,1,1.000000000,1024.888086000,844.184042000,-302.490305000,-0.204046841,0.122974584,-0.044971224,0.242446432,0.153627133,-0.063451775,0.001989349,0.166226897,1025.041713133,844.120590225,-302.488315651,-0.080316879,0.056982069,-0.019471798,0.100383805
2026082404,1,65,45.000000,270.000000,1,1.000000000,1024.933133000,843.967470000,-302.496360000,-0.158999841,-0.093597416,-0.051026224,0.191429102,0.153098961,0.079879530,0.007461051,0.172845880,1025.086231961,844.047349530,-302.488898949,-0.035798051,-0.016258625,-0.020055097,0.044136723
2026082404,1,66,45.000000,0.000000,2,0.500000000,1025.279440000,843.952837000,-302.478434000,0.187307159,-0.108230416,-0.033100224,0.218845652,-0.037913683,0.121497123,0.041591020,0.133898510,1025.241526317,844.074334123,-302.436842980,0.119496305,0.010725967,0.032000872,0.124171129
2026082404,1,67,-45.000000,0.000000,2,0.500000000,1025.118160000,844.041985000,-302.442946000,0.026027159,-0.019082416,0.002387776,0.032361290,-0.037630248,0.065512622,-0.047048880,0.089003013,1025.080529752,844.107497622,-302.489994880,-0.041500260,0.043889467,-0.021151027,0.063999397
2026082404,1,68,-45.000000,90.000000,1,1.000000000,1025.069365000,844.039964000,-302.401566000,-0.022767841,-0.021103416,0.043767776,0.053659547,0.035236082,-0.024931275,-0.077090595,0.088352192,1025.104601082,844.015032725,-302.478656595,-0.017428930,-0.048575430,-0.009812743,0.052532180
2026082404,1,69,-45.000000,180.000000,1,1.000000000,1025.069565000,844.179473000,-302.354290000,-0.022567841,0.118405584,0.091043776,0.151056807,0.153979126,-0.119592827,-0.086635721,0.213348924,1025.223544126,844.059880173,-302.440925721,0.101514114,-0.003727982,0.027918132,0.105349111
2026082404,1,70,-45.000000,270.000000,1,1.000000000,1025.151792000,843.518070000,-302.329221000,0.059659159,-0.542997416,0.116112776,0.558468966,0.009661979,0.366672883,-0.107271529,0.382164281,1025.161453979,843.884742883,-302.436492529,0.039423967,-0.178865273,0.032351323,0.185993664
2026082404,1,71,-45.000000,0.000000,2,0.500000000,1025.121915000,844.041353000,-302.443993000,0.029782159,-0.019714416,0.001340776,0.035741193,-0.037630248,0.065512622,-0.047048880,0.089003013,1025.084284752,844.106865622,-302.491041880,-0.037745260,0.043257467,-0.022198027,0.061552137
2026082404,1,72,0.000000,0.000000,5,0.200000000,1025.027500000,844.054272000,-302.503493000,-0.064632841,-0.006795416,-0.058159224,0.087212826,0.000000000,0.000000000,0.000000000,0.000000000,1025.027500000,844.054272000,-302.503493000,-0.094530012,-0.009336155,-0.034649147,0.101112068
2026082404,1,73,60.000000,0.000000,2,0.500000000,1025.127745000,843.897345000,-302.499083000,0.035612159,-0.163722416,-0.053749224,0.175960889,-0.028502542,0.104412040,0.052233930,0.120177587,1025.099242458,844.001757040,-302.446849070,-0.022787554,-0.061851116,0.021994782,0.069488154
2026082404,1,74,60.000000,90.000000,1,1.000000000,1025.086003000,843.869443000,-302.467438000,-0.006129841,-0.191624416,-0.022104224,0.192992457,0.004984983,0.154328877,-0.001351150,0.154415277,1025.090987983,844.023771877,-302.468789150,-0.031042029,-0.039836279,0.000054702,0.050502868
2026082404,1,75,60.000000,180.000000,1,1.000000000,1024.836410000,844.172880000,-302.488922000,-0.255722841,0.111812584,-0.043588224,0.282482138,0.124340660,-0.064175558,0.016141012,0.140853237,1024.960750660,844.108704442,-302.472780988,-0.161279352,0.045096287,-0.003937135,0.167511807
2026082404,1,76,60.000000,270.000000,1,1.000000000,1024.852197000,843.859816000,-302.498676000,-0.239935841,-0.201251416,-0.053342224,0.317673941,0.155312554,0.093105680,0.008897045,0.181300344,1025.007509554,843.952921680,-302.489778955,-0.114520458,-0.110686475,-0.020935103,0.160638444
2026082404,1,77,60.000000,0.000000,2,0.500000000,1025.133393000,843.898307000,-302.511014000,0.041260159,-0.162760416,-0.065680224,0.180297658,-0.028502542,0.104412040,0.052233930,0.120177587,1025.104890458,844.002719040,-302.458780070,-0.017139554,-0.060889116,0.010063782,0.064050983
2026082404,1,78,-60.000000,0.000000,2,0.500000000,1025.075883000,844.069402000,-302.370857000,-0.016249841,0.008334584,0.074476776,0.076683198,-0.028155407,0.035845310,-0.056327333,0.072459517,1025.047727593,844.105247310,-302.427184333,-0.074302419,0.041639155,0.041659520,0.094816583
2026082404,1,79,-60.000000,90.000000,1,1.000000000,1025.020205000,843.949544000,-302.345623000,-0.071927841,-0.111523416,0.099710776,0.165991944,0.025676258,0.057185236,-0.099394800,0.117510628,1025.045881258,844.006729236,-302.445017800,-0.076148754,-0.056878919,0.023826053,0.097987372
2026082404,1,80,-60.000000,180.000000,1,1.000000000,1024.897853000,844.169961000,-302.316979000,-0.194279841,0.108893584,0.128354776,0.257055282,0.124771761,-0.132934023,-0.092402088,0.204395677,1025.022624761,844.037026977,-302.409381088,-0.099405251,-0.026581178,0.059462765,0.118843524
2026082404,1,81,-60.000000,270.000000,1,1.000000000,1025.158067000,843.391105000,-302.282069000,0.065934159,-0.669962416,0.163264776,0.692713750,-0.020361153,0.444354368,-0.131621094,0.463885215,1025.137705847,843.835459368,-302.413690094,0.015675835,-0.228148788,0.055153758,0.235243572
2026082404,1,82,-60.000000,0.000000,2,0.500000000,1025.073473000,844.068450000,-302.368823000,-0.018659841,0.007382584,0.076510776,0.079098616,-0.028155407,0.035845310,-0.056327333,0.072459517,1025.045317593,844.104295310,-302.425150333,-0.076712419,0.040687155,0.043693520,0.097207837
2026082404,1,83,90.000000,0.000000,2,0.500000000,1025.165619000,843.899111000,-302.452784000,0.073486159,-0.161956416,-0.007450224,0.178004500,-0.000200421,0.039587094,0.062677861,0.074132937,1025.165418579,843.938698094,-302.390106139,0.043388567,-0.124910062,0.078737714,0.153898404
2026082404,1,84,90.000000,90.000000,1,1.000000000,1025.192015000,843.559589000,-302.493462000,0.099882159,-0.501478416,-0.048128224,0.513588720,-0.029362113,0.386050205,-0.025011631,0.387972262,1025.162652887,843.945639205,-302.518473631,0.040622875,-0.117968951,-0.049629778,0.134275858
2026082404,1,85,90.000000,180.000000,1,1.000000000,1025.166337000,844.079006000,-302.449916000,0.074204159,0.017938584,-0.004582224,0.076479061,0.036566559,-0.079954549,0.037114797,0.095432443,1025.202903559,843.999051451,-302.412801203,0.080873547,-0.064556704,0.056042650,0.117681253
2026082404,1,86,90.000000,270.000000,1,1.000000000,1025.009498000,843.789042000,-302.473880000,-0.082634841,-0.272025416,-0.028546224,0.285729296,0.128814885,0.153416376,-0.005922783,0.200411922,1025.138312885,843.942458376,-302.479802783,0.016282873,-0.121149780,-0.010958930,0.122729374
2026082404,1,87,90.000000,0.000000,2,0.500000000,1025.155968000,843.906839000,-302.459507000,0.063835159,-0.154228416,-0.014173224,0.167517796,-0.000200421,0.039587094,0.062677861,0.074132937,1025.155767579,843.946426094,-302.396829139,0.033737567,-0.117182062,0.072014714,0.141619130
2026082404,1,88,-90.000000,0.000000,2,0.500000000,1025.135447000,844.072844000,-302.252879000,0.043314159,0.011776584,0.192454776,0.197619952,0.000200416,-0.039586946,-0.062677887,0.074132881,1025.135647416,844.033257054,-302.315556887,0.013617404,-0.030351102,0.153286965,0.156855082
2026082404,1,89,-90.000000,90.000000,1,1.000000000,1025.172040000,843.706646000,-302.234532000,0.079907159,-0.354421416,0.210801776,0.420044144,-0.005469887,0.273878391,-0.138222686,0.306830252,1025.166570113,843.980524391,-302.372754686,0.044540101,-0.083083765,0.096089167,0.134610031
2026082404,1,90,-90.000000,180.000000,1,1.000000000,1025.175032000,844.287392000,-302.172910000,0.082899159,0.226324584,0.272423776,0.363744143,0.037064352,-0.159349985,-0.088219979,0.185873475,1025.212096352,844.128042015,-302.261129979,0.090066340,0.064433859,0.207713873,0.235390571
2026082404,1,91,-90.000000,270.000000,1,1.000000000,1025.225693000,843.397273000,-302.232117000,0.133560159,-0.663794416,0.213216776,0.709875155,-0.074035639,0.559003424,-0.168179153,0.588430397,1025.151657361,843.956276424,-302.400296153,0.029627349,-0.107331731,0.068547700,0.130754225
2026082404,1,92,-90.000000,0.000000,2,0.500000000,1025.137671000,844.072028000,-302.258823000,0.045538159,0.010960584,0.186510776,0.192302179,0.000200416,-0.039586946,-0.062677887,0.074132881,1025.137871416,844.032441054,-302.321500887,0.015841404,-0.031167102,0.147342965,0.151434104
2026082404,1,93,0.000000,0.000000,5,0.200000000,1025.014922000,844.047862000,-302.503323000,-0.077210841,-0.013205416,-0.057989224,0.097461002,0.000000000,0.000000000,0.000000000,0.000000000,1025.014922000,844.047862000,-302.503323000,-0.107108012,-0.015746155,-0.034479147,0.113617249
2026082404,1,94,0.000000,45.000000,2,0.500000000,1025.066396000,844.055733000,-302.495324000,-0.025736841,-0.005334416,-0.049990224,0.056478876,-0.010449681,-0.026801901,-0.001820947,0.028824531,1025.055946319,844.028931099,-302.497144947,-0.066083693,-0.034677057,-0.028301094,0.079815441
2026082404,1,95,0.000000,90.000000,2,0.500000000,1025.104352000,844.103839000,-302.480657000,0.012219159,0.042771584,-0.035323224,0.056801817,-0.003995083,-0.072948971,-0.010059384,0.073747572,1025.100356917,844.030890029,-302.490716384,-0.021673095,-0.032718127,-0.021872532,0.044928905
2026082404,1,96,0.000000,135.000000,2,0.500000000,1025.115528000,844.175721000,-302.463491000,0.023395159,0.114653584,-0.018157224,0.118416480,0.015582779,-0.111408883,-0.019889348,0.114238121,1025.131110779,844.064312117,-302.483380348,0.009080767,0.000703962,-0.014536495,0.017154171
2026082404,1,97,0.000000,180.000000,2,0.500000000,1025.161521000,844.235278000,-302.457158000,0.069388159,0.174210584,-0.011824224,0.187893205,0.036815458,-0.119652341,-0.025552578,0.127769303,1025.198336458,844.115625659,-302.482710578,0.076306446,0.052017504,-0.013866725,0.093385119
2026082404,1,98,0.000000,225.000000,2,0.500000000,1025.119807000,844.268341000,-302.459991000,0.027674159,0.207273584,-0.014657224,0.209625934,0.047265139,-0.092850439,-0.023731631,0.106856857,1025.167072139,844.175490561,-302.483722631,0.045042127,0.111882405,-0.014878779,0.121523018
2026082404,1,99,0.000000,270.000000,2,0.500000000,1025.076069000,844.197707000,-302.471991000,-0.016063841,0.136639584,-0.026657224,0.140139325,0.040810541,-0.046703369,-0.015493194,0.063927646,1025.116879541,844.151003631,-302.487484194,-0.005150471,0.087395475,-0.018640341,0.089509546
2026082404,1,100,0.000000,315.000000,2,0.500000000,1025.023964000,844.144903000,-302.490658000,-0.068168841,0.083835584,-0.045324224,0.117173723,0.021232679,-0.008243458,-0.005663230,0.023470267,1025.045196679,844.136659542,-302.496321230,-0.076833333,0.073051387,-0.027477378,0.109521105
2026082404,1,101,0.000000,0.000000,5,0.200000000,1025.007919000,844.055749000,-302.501825000,-0.084213841,-0.005318416,-0.056491224,0.101545630,0.000000000,0.000000000,0.000000000,0.000000000,1025.007919000,844.055749000,-302.501825000,-0.114111012,-0.007859155,-0.032981147,0.119041360
