sequence_id,approach_b_deg,pass_num,accepted,point_id,abs_x_mm,abs_y_mm,abs_z_mm
1.000000,5.000000,1.000000,0.000000,1.000000,357.286023,318.384502,-841.891356
1.000000,5.000000,1.000000,0.000000,2.000000,339.630649,318.384502,-859.756823
1.000000,5.000000,1.000000,0.000000,3.000000,375.512917,318.384502,-859.756823
1.000000,5.000000,1.000000,0.000000,4.000000,357.285949,299.996702,-859.756823
1.000000,5.000000,1.000000,0.000000,5.000000,357.285949,335.923136,-859.756823
1.000000,5.000000,2.000000,1.000000,1.000000,357.571709,317.959919,-841.879856
1.000000,5.000000,2.000000,1.000000,2.000000,339.627168,317.959919,-859.745323
1.000000,5.000000,2.000000,1.000000,3.000000,375.515269,317.959919,-859.745323
1.000000,5.000000,2.000000,1.000000,4.000000,357.571635,299.994618,-859.745323
1.000000,5.000000,2.000000,1.000000,5.000000,357.571635,335.924386,-859.745323
2.000000,-5.000000,1.000000,0.000000,1.000000,357.571501,317.959710,-841.879189
2.000000,-5.000000,1.000000,0.000000,2.000000,339.749607,317.959710,-859.744656
2.000000,-5.000000,1.000000,0.000000,3.000000,375.638542,317.959710,-859.744656
2.000000,-5.000000,1.000000,0.000000,4.000000,357.571574,299.991910,-859.744656
2.000000,-5.000000,1.000000,0.000000,5.000000,357.571574,335.923344,-859.744656
2.000000,-5.000000,2.000000,1.000000,1.000000,357.694148,317.957627,-841.877689
2.000000,-5.000000,2.000000,1.000000,2.000000,339.748922,317.957627,-859.743156
2.000000,-5.000000,2.000000,1.000000,3.000000,375.637023,317.957627,-859.743156
2.000000,-5.000000,2.000000,1.000000,4.000000,357.694222,299.993160,-859.743156
2.000000,-5.000000,2.000000,1.000000,5.000000,357.694222,335.924594,-859.743156
3.000000,5.000000,1.000000,0.000000,1.000000,357.693523,317.958252,-841.877856
3.000000,5.000000,1.000000,0.000000,2.000000,339.627316,317.958252,-859.743323
3.000000,5.000000,1.000000,0.000000,3.000000,375.516250,317.958252,-859.743323
3.000000,5.000000,1.000000,0.000000,4.000000,357.693450,299.996285,-859.743323
3.000000,5.000000,1.000000,0.000000,5.000000,357.693450,335.926886,-859.743323
3.000000,5.000000,2.000000,1.000000,1.000000,357.571709,317.961585,-841.880522
3.000000,5.000000,2.000000,1.000000,2.000000,339.628835,317.961585,-859.745989
3.000000,5.000000,2.000000,1.000000,3.000000,375.517769,317.961585,-859.745989
3.000000,5.000000,2.000000,1.000000,4.000000,357.571635,299.993785,-859.745989
3.000000,5.000000,2.000000,1.000000,5.000000,357.571635,335.924386,-859.745989
4.000000,-5.000000,1.000000,0.000000,1.000000,357.572542,317.960335,-841.880689
4.000000,-5.000000,1.000000,0.000000,2.000000,339.748982,317.960335,-859.746156
4.000000,-5.000000,1.000000,0.000000,3.000000,375.637917,317.960335,-859.746156
4.000000,-5.000000,1.000000,0.000000,4.000000,357.572616,299.995035,-859.746156
4.000000,-5.000000,1.000000,0.000000,5.000000,357.572616,335.924802,-859.746156
4.000000,-5.000000,2.000000,1.000000,1.000000,357.693523,317.959919,-841.880856
4.000000,-5.000000,2.000000,1.000000,2.000000,339.749130,317.959919,-859.746323
4.000000,-5.000000,2.000000,1.000000,3.000000,375.638064,317.959919,-859.746323
4.000000,-5.000000,2.000000,1.000000,4.000000,357.693597,299.994618,-859.746323
4.000000,-5.000000,2.000000,1.000000,5.000000,357.693597,335.925219,-859.746323
5.000000,5.000000,1.000000,0.000000,1.000000,357.693523,317.959919,-841.881022
5.000000,5.000000,1.000000,0.000000,2.000000,339.628149,317.959919,-859.746489
5.000000,5.000000,1.000000,0.000000,3.000000,375.517083,317.959919,-859.746489
5.000000,5.000000,1.000000,0.000000,4.000000,357.693449,299.994618,-859.746489
5.000000,5.000000,1.000000,0.000000,5.000000,357.693449,335.928552,-859.746489
5.000000,5.000000,2.000000,1.000000,1.000000,357.572542,317.961585,-841.882022
5.000000,5.000000,2.000000,1.000000,2.000000,339.627168,317.961585,-859.747489
5.000000,5.000000,2.000000,1.000000,3.000000,375.516936,317.961585,-859.747489
5.000000,5.000000,2.000000,1.000000,4.000000,357.572468,299.994618,-859.747489
5.000000,5.000000,2.000000,1.000000,5.000000,357.572468,335.925219,-859.747489
6.000000,-5.000000,1.000000,0.000000,1.000000,357.572334,317.960752,-841.881355
6.000000,-5.000000,1.000000,0.000000,2.000000,339.746922,317.960752,-859.746819
6.000000,-5.000000,1.000000,0.000000,3.000000,375.637708,317.960752,-859.746823
6.000000,-5.000000,1.000000,0.000000,4.000000,357.572407,299.995452,-859.746823
6.000000,-5.000000,1.000000,0.000000,5.000000,357.572407,335.926052,-859.746823
6.000000,-5.000000,2.000000,1.000000,1.000000,357.692389,317.960752,-841.881522
6.000000,-5.000000,2.000000,1.000000,2.000000,339.751329,317.960752,-859.746989
6.000000,-5.000000,2.000000,1.000000,3.000000,375.640263,317.960752,-859.746989
6.000000,-5.000000,2.000000,1.000000,4.000000,357.692463,299.995452,-859.746989
6.000000,-5.000000,2.000000,1.000000,5.000000,357.692463,335.926052,-859.746989
1.000000,5.000000,1.000000,0.000000,1.000000,357.286097,318.384502,-841.903023
1.000000,5.000000,1.000000,0.000000,2.000000,339.757463,318.384502,-859.768490
1.000000,5.000000,1.000000,0.000000,3.000000,375.638064,318.384502,-859.768490
1.000000,5.000000,1.000000,0.000000,4.000000,357.286097,300.000868,-859.768490
1.000000,5.000000,1.000000,0.000000,5.000000,357.286097,335.920636,-859.768490
1.000000,5.000000,2.000000,1.000000,1.000000,357.697764,317.960752,-841.883189
1.000000,5.000000,2.000000,1.000000,2.000000,339.755797,317.960752,-859.748656
1.000000,5.000000,2.000000,1.000000,3.000000,375.645564,317.960752,-859.748656
1.000000,5.000000,2.000000,1.000000,4.000000,357.697764,299.994618,-859.748656
1.000000,5.000000,2.000000,1.000000,5.000000,357.697764,335.925219,-859.748656
2.000000,-5.000000,1.000000,0.000000,1.000000,357.699222,317.960335,-841.881689
2.000000,-5.000000,1.000000,0.000000,2.000000,339.758921,317.960335,-859.747156
2.000000,-5.000000,1.000000,0.000000,3.000000,375.649522,317.960335,-859.747156
2.000000,-5.000000,1.000000,0.000000,4.000000,357.699222,299.995868,-859.747156
2.000000,-5.000000,1.000000,0.000000,5.000000,357.699222,335.924802,-859.747156
2.000000,-5.000000,2.000000,1.000000,1.000000,357.704222,317.960335,-841.882689
2.000000,-5.000000,2.000000,1.000000,2.000000,339.758088,317.960335,-859.748156
2.000000,-5.000000,2.000000,1.000000,3.000000,375.649523,317.960335,-859.748156
2.000000,-5.000000,2.000000,1.000000,4.000000,357.704222,299.995035,-859.748156
2.000000,-5.000000,2.000000,1.000000,5.000000,357.704222,335.926469,-859.748156
3.000000,5.000000,1.000000,0.000000,1.000000,357.704014,317.960544,-841.884523
3.000000,5.000000,1.000000,0.000000,2.000000,339.757047,317.960544,-859.749990
3.000000,5.000000,1.000000,0.000000,3.000000,375.645981,317.960544,-859.749990
3.000000,5.000000,1.000000,0.000000,4.000000,357.704014,299.994410,-859.749990
3.000000,5.000000,1.000000,0.000000,5.000000,357.704014,335.925844,-859.749990
3.000000,5.000000,2.000000,1.000000,1.000000,357.701514,317.960127,-841.883856
3.000000,5.000000,2.000000,1.000000,2.000000,339.757880,317.960127,-859.749323
3.000000,5.000000,2.000000,1.000000,3.000000,375.646814,317.960127,-859.749323
3.000000,5.000000,2.000000,1.000000,4.000000,357.701514,299.994827,-859.749323
3.000000,5.000000,2.000000,1.000000,5.000000,357.701514,335.924594,-859.749323
4.000000,-5.000000,1.000000,0.000000,1.000000,357.701930,317.959919,-841.882356
4.000000,-5.000000,1.000000,0.000000,2.000000,339.760796,317.959919,-859.747823
4.000000,-5.000000,1.000000,0.000000,3.000000,375.649731,317.959919,-859.747823
4.000000,-5.000000,1.000000,0.000000,4.000000,357.701930,299.989618,-859.747823
4.000000,-5.000000,1.000000,0.000000,5.000000,357.701930,335.923552,-859.747823
4.000000,-5.000000,2.000000,1.000000,1.000000,357.705264,317.956585,-841.882523
4.000000,-5.000000,2.000000,1.000000,2.000000,339.761630,317.956585,-859.747990
4.000000,-5.000000,2.000000,1.000000,3.000000,375.650564,317.956585,-859.747990
4.000000,-5.000000,2.000000,1.000000,4.000000,357.705263,299.992952,-859.747990
4.000000,-5.000000,2.000000,1.000000,5.000000,357.705263,335.924386,-859.747990
5.000000,5.000000,1.000000,0.000000,1.000000,357.705680,317.957627,-841.885189
5.000000,5.000000,1.000000,0.000000,2.000000,339.757880,317.957627,-859.750656
5.000000,5.000000,1.000000,0.000000,3.000000,375.648480,317.957627,-859.750656
5.000000,5.000000,1.000000,0.000000,4.000000,357.705680,299.993160,-859.750656
5.000000,5.000000,1.000000,0.000000,5.000000,357.705680,335.926261,-859.750656
5.000000,5.000000,2.000000,1.000000,1.000000,357.703180,317.959710,-841.884523
5.000000,5.000000,2.000000,1.000000,2.000000,339.757880,317.959710,-859.749990
5.000000,5.000000,2.000000,1.000000,3.000000,375.646814,317.959710,-859.749990
5.000000,5.000000,2.000000,1.000000,4.000000,357.703180,299.993577,-859.749990
5.000000,5.000000,2.000000,1.000000,5.000000,357.703180,335.924177,-859.749990
6.000000,-5.000000,1.000000,0.000000,1.000000,357.702763,317.959294,-841.884689
6.000000,-5.000000,1.000000,0.000000,2.000000,339.761630,317.959294,-859.750156
6.000000,-5.000000,1.000000,0.000000,3.000000,375.649731,317.959294,-859.750156
6.000000,-5.000000,1.000000,0.000000,4.000000,357.702763,299.993993,-859.750156
6.000000,-5.000000,1.000000,0.000000,5.000000,357.702763,335.924594,-859.750156
6.000000,-5.000000,2.000000,1.000000,1.000000,357.705680,317.959294,-841.885689
6.000000,-5.000000,2.000000,1.000000,2.000000,339.763713,317.959294,-859.751156
6.000000,-5.000000,2.000000,1.000000,3.000000,375.650981,317.959294,-859.751156
6.000000,-5.000000,2.000000,1.000000,4.000000,357.705680,299.993160,-859.751156
6.000000,-5.000000,2.000000,1.000000,5.000000,357.705680,335.922927,-859.751156
