abs_b_deg,abs_c_deg,pass_num,accepted,point_id,touch_abs_x_mm,touch_abs_y_mm,touch_abs_z_mm
0.000000,0.000000,1.000000,0.000000,1.000000,468.776624,323.677576,-841.108115
0.000000,0.000000,1.000000,0.000000,2.000000,450.802157,323.677576,-858.973582
0.000000,0.000000,1.000000,0.000000,3.000000,486.695258,323.677576,-858.973582
0.000000,0.000000,1.000000,0.000000,4.000000,468.776624,305.699776,-858.973582
0.000000,0.000000,1.000000,0.000000,5.000000,468.776624,341.643710,-858.973582
0.000000,0.000000,2.000000,1.000000,1.000000,468.748707,323.671743,-841.113281
0.000000,0.000000,2.000000,1.000000,2.000000,450.804080,323.671747,-858.978748
0.000000,0.000000,2.000000,1.000000,3.000000,486.700674,323.671743,-858.978748
0.000000,0.000000,2.000000,1.000000,4.000000,468.748707,305.698942,-858.978748
0.000000,0.000000,2.000000,1.000000,5.000000,468.748707,341.646210,-858.978748
90.000000,0.000000,1.000000,0.000000,1.000000,486.578343,323.672160,-858.978748
90.000000,0.000000,1.000000,0.000000,2.000000,468.712876,323.672160,-840.945115
90.000000,0.000000,1.000000,0.000000,3.000000,468.712876,323.672160,-876.865715
90.000000,0.000000,1.000000,0.000000,4.000000,468.712876,305.490194,-858.978748
90.000000,0.000000,1.000000,0.000000,5.000000,468.712876,341.438294,-858.978748
90.000000,0.000000,2.000000,1.000000,1.000000,486.580676,323.464244,-858.905415
90.000000,0.000000,2.000000,1.000000,2.000000,468.715209,323.464244,-840.941781
90.000000,0.000000,2.000000,1.000000,3.000000,468.715209,323.464244,-876.872382
90.000000,0.000000,2.000000,1.000000,4.000000,468.715209,305.493110,-858.905415
90.000000,0.000000,2.000000,1.000000,5.000000,468.715209,341.440378,-858.905415
0.000000,0.000000,1.000000,0.000000,1.000000,468.715209,323.465494,-841.117615
0.000000,0.000000,1.000000,0.000000,2.000000,450.834908,323.465494,-858.983082
0.000000,0.000000,1.000000,0.000000,3.000000,486.729676,323.465494,-858.983082
0.000000,0.000000,1.000000,0.000000,4.000000,468.715209,305.696860,-858.983082
0.000000,0.000000,1.000000,0.000000,5.000000,468.715209,341.641627,-858.983082
0.000000,0.000000,2.000000,1.000000,1.000000,468.782293,323.669244,-841.110281
0.000000,0.000000,2.000000,1.000000,2.000000,450.826992,323.669244,-858.975748
0.000000,0.000000,2.000000,1.000000,3.000000,486.730093,323.669244,-858.975748
0.000000,0.000000,2.000000,1.000000,4.000000,468.782292,305.692277,-858.975748
0.000000,0.000000,2.000000,1.000000,5.000000,468.782292,341.642877,-858.975748
-90.000000,0.000000,1.000000,0.000000,1.000000,450.750950,323.668410,-858.975748
-90.000000,0.000000,1.000000,0.000000,2.000000,468.616417,323.668410,-876.312715
-90.000000,0.000000,1.000000,0.000000,3.000000,468.616417,323.668410,-840.406281
-90.000000,0.000000,1.000000,0.000000,4.000000,468.616417,305.583110,-858.975748
-90.000000,0.000000,1.000000,0.000000,5.000000,468.616417,341.512877,-858.975748
-90.000000,0.000000,2.000000,1.000000,1.000000,450.733617,323.547994,-858.359498
-90.000000,0.000000,2.000000,1.000000,2.000000,468.599084,323.547994,-876.313132
-90.000000,0.000000,2.000000,1.000000,3.000000,468.599084,323.547994,-840.401698
-90.000000,0.000000,2.000000,1.000000,4.000000,468.599084,305.576860,-858.359498
-90.000000,0.000000,2.000000,1.000000,5.000000,468.599084,341.528294,-858.359498
0.000000,0.000000,1.000000,0.000000,1.000000,468.599084,323.550285,-841.113156
0.000000,0.000000,1.000000,0.000000,2.000000,450.802950,323.550285,-858.978623
0.000000,0.000000,1.000000,0.000000,3.000000,486.693551,323.550285,-858.978623
0.000000,0.000000,1.000000,0.000000,4.000000,468.599084,305.711652,-858.978623
0.000000,0.000000,1.000000,0.000000,5.000000,468.599084,341.658086,-858.978623
0.000000,0.000000,2.000000,1.000000,1.000000,468.748251,323.684869,-841.110823
0.000000,0.000000,2.000000,1.000000,2.000000,450.801284,323.684869,-858.976290
0.000000,0.000000,2.000000,1.000000,3.000000,486.699385,323.684869,-858.976290
0.000000,0.000000,2.000000,1.000000,4.000000,468.748251,305.710402,-858.976290
0.000000,0.000000,2.000000,1.000000,5.000000,468.748251,341.660169,-858.976290
0.000000,90.000000,1.000000,0.000000,1.000000,468.749297,323.685237,-841.092657
0.000000,90.000000,1.000000,0.000000,2.000000,468.749293,305.598943,-858.958124
0.000000,90.000000,1.000000,0.000000,3.000000,468.749297,341.533871,-858.958124
0.000000,90.000000,1.000000,0.000000,4.000000,486.825431,323.685237,-858.958124
0.000000,90.000000,1.000000,0.000000,5.000000,450.848997,323.685237,-858.958124
0.000000,90.000000,2.000000,1.000000,1.000000,468.837214,323.566407,-838.201157
0.000000,90.000000,2.000000,1.000000,2.000000,468.837214,305.849440,-856.066624
0.000000,90.000000,2.000000,1.000000,3.000000,468.837214,341.280874,-856.066624
0.000000,90.000000,2.000000,1.000000,4.000000,486.577515,323.566407,-856.066624
0.000000,90.000000,2.000000,1.000000,5.000000,451.106913,323.566407,-856.066624
0.000000,90.000000,1.000000,0.000000,1.000000,468.749288,323.684917,-841.085990
0.000000,90.000000,1.000000,0.000000,2.000000,468.749289,305.622117,-858.951457
0.000000,90.000000,1.000000,0.000000,3.000000,468.749284,341.548391,-858.951457
0.000000,90.000000,1.000000,0.000000,4.000000,486.833755,323.684917,-858.951457
0.000000,90.000000,1.000000,0.000000,5.000000,450.862326,323.685077,-858.951457
0.000000,90.000000,2.000000,1.000000,1.000000,468.848045,323.585414,-841.086156
0.000000,90.000000,2.000000,1.000000,2.000000,468.848045,305.615947,-858.951623
0.000000,90.000000,2.000000,1.000000,3.000000,468.848045,341.544047,-858.951623
0.000000,90.000000,2.000000,1.000000,4.000000,486.832512,323.585414,-858.951623
0.000000,90.000000,2.000000,1.000000,5.000000,450.861078,323.585414,-858.951623
90.000000,90.000000,1.000000,0.000000,1.000000,468.847420,341.246339,-858.951623
90.000000,90.000000,1.000000,0.000000,2.000000,468.847420,323.380872,-841.005490
90.000000,90.000000,1.000000,0.000000,3.000000,468.847420,323.380872,-876.922757
90.000000,90.000000,1.000000,0.000000,4.000000,486.735221,323.380872,-858.951623
90.000000,90.000000,1.000000,0.000000,5.000000,450.760453,323.380872,-858.951623
90.000000,90.000000,2.000000,1.000000,1.000000,468.747837,341.253672,-858.964123
90.000000,90.000000,2.000000,1.000000,2.000000,468.747837,323.388205,-841.012156
90.000000,90.000000,2.000000,1.000000,3.000000,468.747837,323.388205,-876.926924
90.000000,90.000000,2.000000,1.000000,4.000000,486.734804,323.388205,-858.964123
90.000000,90.000000,2.000000,1.000000,5.000000,450.760869,323.388205,-858.964123
0.000000,90.000000,1.000000,0.000000,1.000000,468.747837,323.388205,-841.091531
0.000000,90.000000,1.000000,0.000000,2.000000,468.747837,305.614571,-858.956998
0.000000,90.000000,1.000000,0.000000,3.000000,468.747837,341.537672,-858.956998
0.000000,90.000000,1.000000,0.000000,4.000000,486.842304,323.388205,-858.956998
0.000000,90.000000,1.000000,0.000000,5.000000,450.871703,323.388205,-858.956998
0.000000,90.000000,2.000000,1.000000,1.000000,468.857003,323.576122,-841.094198
0.000000,90.000000,2.000000,1.000000,2.000000,468.857003,305.607488,-858.959665
0.000000,90.000000,2.000000,1.000000,3.000000,468.857003,341.537256,-858.959665
0.000000,90.000000,2.000000,1.000000,4.000000,486.844804,323.576122,-858.959665
0.000000,90.000000,2.000000,1.000000,5.000000,450.874203,323.576122,-858.959665
-90.000000,90.000000,1.000000,0.000000,1.000000,468.858253,306.214780,-858.959665
-90.000000,90.000000,1.000000,0.000000,2.000000,468.858253,324.080247,-876.100799
-90.000000,90.000000,1.000000,0.000000,3.000000,468.858253,324.080247,-840.193531
-90.000000,90.000000,1.000000,0.000000,4.000000,486.806887,324.080247,-858.959665
-90.000000,90.000000,1.000000,0.000000,5.000000,450.875453,324.080247,-858.959665
-90.000000,90.000000,2.000000,1.000000,1.000000,468.841170,306.194113,-858.147165
-90.000000,90.000000,2.000000,1.000000,2.000000,468.841170,324.059580,-876.102465
-90.000000,90.000000,2.000000,1.000000,3.000000,468.841170,324.059580,-840.196031
-90.000000,90.000000,2.000000,1.000000,4.000000,486.830637,324.059580,-858.147165
-90.000000,90.000000,2.000000,1.000000,5.000000,450.856703,324.059580,-858.147165
0.000000,90.000000,1.000000,0.000000,1.000000,468.842420,324.059580,-841.094573
0.000000,90.000000,1.000000,0.000000,2.000000,468.842420,305.592613,-858.960040
0.000000,90.000000,1.000000,0.000000,3.000000,468.842420,341.516547,-858.960040
0.000000,90.000000,1.000000,0.000000,4.000000,486.829387,324.059580,-858.960040
0.000000,90.000000,1.000000,0.000000,5.000000,450.869619,324.059580,-858.960040
0.000000,90.000000,2.000000,1.000000,1.000000,468.849503,323.554580,-841.091406
0.000000,90.000000,2.000000,1.000000,2.000000,468.849503,305.585113,-858.956873
0.000000,90.000000,2.000000,1.000000,3.000000,468.849503,341.514880,-858.956873
0.000000,90.000000,2.000000,1.000000,4.000000,486.834804,323.554580,-858.956873
0.000000,90.000000,2.000000,1.000000,5.000000,450.863369,323.554580,-858.956873
0.000000,180.000000,1.000000,0.000000,1.000000,468.849135,323.552293,-841.079906
0.000000,180.000000,1.000000,0.000000,2.000000,486.921776,323.552297,-858.945373
0.000000,180.000000,1.000000,0.000000,3.000000,451.026495,323.552288,-858.945373
0.000000,180.000000,1.000000,0.000000,4.000000,468.849295,341.645922,-858.945373
0.000000,180.000000,1.000000,0.000000,5.000000,468.849135,305.702826,-858.945373
0.000000,180.000000,2.000000,1.000000,1.000000,468.973975,323.674378,-841.077573
0.000000,180.000000,2.000000,1.000000,2.000000,486.923603,323.674374,-858.943040
0.000000,180.000000,2.000000,1.000000,3.000000,451.026848,323.674383,-858.943040
0.000000,180.000000,2.000000,1.000000,4.000000,468.974136,341.643841,-858.943040
0.000000,180.000000,2.000000,1.000000,5.000000,468.973815,305.703249,-858.943040
90.000000,180.000000,1.000000,0.000000,1.000000,450.927633,323.673962,-858.943040
90.000000,180.000000,1.000000,0.000000,2.000000,468.793100,323.673962,-840.936073
90.000000,180.000000,1.000000,0.000000,3.000000,468.793100,323.673962,-876.828340
90.000000,180.000000,1.000000,0.000000,4.000000,468.793100,341.410095,-858.943040
90.000000,180.000000,1.000000,0.000000,5.000000,468.793100,305.469495,-858.943040
90.000000,180.000000,2.000000,1.000000,1.000000,450.917800,323.439795,-858.882207
90.000000,180.000000,2.000000,1.000000,2.000000,468.783267,323.439795,-840.936073
90.000000,180.000000,2.000000,1.000000,3.000000,468.783267,323.439795,-876.830840
90.000000,180.000000,2.000000,1.000000,4.000000,468.783267,341.425929,-858.882207
90.000000,180.000000,2.000000,1.000000,5.000000,468.783267,305.482828,-858.882207
0.000000,180.000000,1.000000,0.000000,1.000000,468.783267,323.447087,-841.073365
0.000000,180.000000,1.000000,0.000000,2.000000,486.889401,323.447087,-858.938832
0.000000,180.000000,1.000000,0.000000,3.000000,451.001300,323.447087,-858.938832
0.000000,180.000000,1.000000,0.000000,4.000000,468.783267,341.634887,-858.938832
0.000000,180.000000,1.000000,0.000000,5.000000,468.783267,305.695120,-858.938832
0.000000,180.000000,2.000000,1.000000,1.000000,468.945351,323.665003,-841.074365
0.000000,180.000000,2.000000,1.000000,2.000000,486.894818,323.665003,-858.939832
0.000000,180.000000,2.000000,1.000000,3.000000,450.998383,323.665003,-858.939832
0.000000,180.000000,2.000000,1.000000,4.000000,468.945351,341.626137,-858.939832
0.000000,180.000000,2.000000,1.000000,5.000000,468.945351,305.701370,-858.939832
-90.000000,180.000000,1.000000,0.000000,1.000000,486.761276,323.664378,-858.939832
-90.000000,180.000000,1.000000,0.000000,2.000000,468.895809,323.664378,-876.270965
-90.000000,180.000000,1.000000,0.000000,3.000000,468.895809,323.664378,-840.349531
-90.000000,180.000000,1.000000,0.000000,4.000000,468.895809,341.809679,-858.939832
-90.000000,180.000000,1.000000,0.000000,5.000000,468.895809,305.885745,-858.939832
-90.000000,180.000000,2.000000,1.000000,1.000000,486.766943,323.847712,-858.310248
-90.000000,180.000000,2.000000,1.000000,2.000000,468.901476,323.847712,-876.270548
-90.000000,180.000000,2.000000,1.000000,3.000000,468.901476,323.847712,-840.349114
-90.000000,180.000000,2.000000,1.000000,4.000000,468.901476,341.819679,-858.310248
-90.000000,180.000000,2.000000,1.000000,5.000000,468.901476,305.873245,-858.310248
0.000000,180.000000,1.000000,0.000000,1.000000,468.901476,323.847087,-841.082239
0.000000,180.000000,1.000000,0.000000,2.000000,486.917610,323.847087,-858.947706
0.000000,180.000000,1.000000,0.000000,3.000000,451.023675,323.847087,-858.947706
0.000000,180.000000,1.000000,0.000000,4.000000,468.901476,341.635720,-858.947706
0.000000,180.000000,1.000000,0.000000,5.000000,468.901476,305.689286,-858.947706
0.000000,180.000000,2.000000,1.000000,1.000000,468.970643,323.662503,-841.076573
0.000000,180.000000,2.000000,1.000000,2.000000,486.922610,323.662503,-858.942040
0.000000,180.000000,2.000000,1.000000,3.000000,451.027009,323.662503,-858.942040
0.000000,180.000000,2.000000,1.000000,4.000000,468.970643,341.634470,-858.942040
0.000000,180.000000,2.000000,1.000000,5.000000,468.970643,305.689703,-858.942040
0.000000,270.000000,1.000000,0.000000,1.000000,468.972735,323.662615,-841.087573
0.000000,270.000000,1.000000,0.000000,2.000000,468.972730,341.742755,-858.953040
0.000000,270.000000,1.000000,0.000000,3.000000,468.972726,305.806995,-858.953040
0.000000,270.000000,1.000000,0.000000,4.000000,450.917426,323.662295,-858.953040
0.000000,270.000000,1.000000,0.000000,5.000000,486.806369,323.662615,-858.953040
0.000000,270.000000,2.000000,1.000000,1.000000,468.861888,323.774555,-841.084406
0.000000,270.000000,2.000000,1.000000,2.000000,468.861880,341.744535,-858.949873
0.000000,270.000000,2.000000,1.000000,3.000000,468.861897,305.805408,-858.949873
0.000000,270.000000,2.000000,1.000000,4.000000,450.917430,323.774875,-858.949873
0.000000,270.000000,2.000000,1.000000,5.000000,486.807198,323.774875,-858.949873
90.000000,270.000000,1.000000,0.000000,1.000000,468.865795,306.379108,-858.949873
90.000000,270.000000,1.000000,0.000000,2.000000,468.867642,324.244734,-840.749573
90.000000,270.000000,1.000000,0.000000,3.000000,468.869489,324.244894,-876.656840
90.000000,270.000000,1.000000,0.000000,4.000000,450.692814,324.244416,-858.949873
90.000000,270.000000,1.000000,0.000000,5.000000,486.581568,324.244257,-858.949873
90.000000,270.000000,2.000000,1.000000,1.000000,468.637191,306.372608,-858.703206
90.000000,270.000000,2.000000,1.000000,2.000000,468.637191,324.238075,-840.752073
90.000000,270.000000,2.000000,1.000000,3.000000,468.639038,324.238234,-876.666007
90.000000,270.000000,2.000000,1.000000,4.000000,450.694751,324.238394,-858.703206
90.000000,270.000000,2.000000,1.000000,5.000000,486.584451,324.237597,-858.703206
0.000000,270.000000,1.000000,0.000000,1.000000,468.638871,324.238555,-841.097489
0.000000,270.000000,1.000000,0.000000,2.000000,468.638884,341.712669,-858.962956
0.000000,270.000000,1.000000,0.000000,3.000000,468.638857,305.789442,-858.962956
0.000000,270.000000,1.000000,0.000000,4.000000,450.916057,324.238075,-858.962956
0.000000,270.000000,1.000000,0.000000,5.000000,486.801684,324.239035,-858.962956
0.000000,270.000000,2.000000,1.000000,1.000000,468.858884,323.751535,-841.085989
0.000000,270.000000,2.000000,1.000000,2.000000,468.858897,341.718149,-858.951456
0.000000,270.000000,2.000000,1.000000,3.000000,468.858893,305.786555,-858.951456
0.000000,270.000000,2.000000,1.000000,4.000000,450.909404,323.751055,-858.951456
0.000000,270.000000,2.000000,1.000000,5.000000,486.810838,323.751055,-858.951456
-90.000000,270.000000,1.000000,0.000000,1.000000,468.853969,341.435820,-858.951456
-90.000000,270.000000,1.000000,0.000000,2.000000,468.857661,323.570031,-876.356757
-90.000000,270.000000,1.000000,0.000000,3.000000,468.855815,323.570192,-840.443656
-90.000000,270.000000,1.000000,0.000000,4.000000,450.759976,323.570675,-858.951456
-90.000000,270.000000,1.000000,0.000000,5.000000,486.643616,323.570192,-858.951456
-90.000000,270.000000,2.000000,1.000000,1.000000,468.699950,341.452481,-858.400206
-90.000000,270.000000,2.000000,1.000000,2.000000,468.696257,323.587335,-876.356340
-90.000000,270.000000,2.000000,1.000000,3.000000,468.696257,323.587335,-840.443240
-90.000000,270.000000,2.000000,1.000000,4.000000,450.752149,323.587014,-858.400206
-90.000000,270.000000,2.000000,1.000000,5.000000,486.653045,323.587496,-858.400206
0.000000,270.000000,1.000000,0.000000,1.000000,468.699432,323.587455,-841.083864
0.000000,270.000000,1.000000,0.000000,2.000000,468.699432,341.751922,-858.949331
0.000000,270.000000,1.000000,0.000000,3.000000,468.699436,305.816482,-858.949331
0.000000,270.000000,1.000000,0.000000,4.000000,450.914118,323.586975,-858.949331
0.000000,270.000000,1.000000,0.000000,5.000000,486.812246,323.587935,-858.949331
0.000000,270.000000,2.000000,1.000000,1.000000,468.863169,323.783722,-841.084031
0.000000,270.000000,2.000000,1.000000,2.000000,468.863156,341.736875,-858.949498
0.000000,270.000000,2.000000,1.000000,3.000000,468.863178,305.815408,-858.949498
0.000000,270.000000,2.000000,1.000000,4.000000,450.912048,323.784202,-858.949498
0.000000,270.000000,2.000000,1.000000,5.000000,486.811816,323.784202,-858.949498
0.000000,0.000000,1.000000,0.000000,1.000000,468.776624,323.677576,-841.112281
0.000000,0.000000,1.000000,0.000000,2.000000,450.905490,323.677576,-858.977748
0.000000,0.000000,1.000000,0.000000,3.000000,486.805258,323.677576,-858.977748
0.000000,0.000000,1.000000,0.000000,4.000000,468.776624,305.703109,-858.977748
0.000000,0.000000,1.000000,0.000000,5.000000,468.776624,341.655376,-858.977748
0.000000,0.000000,2.000000,1.000000,1.000000,468.855374,323.679243,-841.109115
0.000000,0.000000,2.000000,1.000000,2.000000,450.906740,323.679243,-858.974582
0.000000,0.000000,2.000000,1.000000,3.000000,486.806508,323.679243,-858.974582
0.000000,0.000000,2.000000,1.000000,4.000000,468.855374,305.703109,-858.974582
0.000000,0.000000,2.000000,1.000000,5.000000,468.855374,341.657043,-858.974582
0.000000,90.000000,1.000000,0.000000,1.000000,468.856003,323.679819,-841.090948
0.000000,90.000000,1.000000,0.000000,2.000000,468.855999,305.691859,-858.956415
0.000000,90.000000,1.000000,0.000000,3.000000,468.856003,341.626786,-858.956415
0.000000,90.000000,1.000000,0.000000,4.000000,486.828800,323.679659,-858.956415
0.000000,90.000000,1.000000,0.000000,5.000000,450.857369,323.679819,-858.956415
0.000000,90.000000,2.000000,1.000000,1.000000,468.843084,323.659323,-841.093615
0.000000,90.000000,2.000000,1.000000,2.000000,468.843084,305.690689,-858.959082
0.000000,90.000000,2.000000,1.000000,3.000000,468.843084,341.627956,-858.959082
0.000000,90.000000,2.000000,1.000000,4.000000,486.829218,323.659323,-858.959082
0.000000,90.000000,2.000000,1.000000,5.000000,450.855284,323.659323,-858.959082
0.000000,180.000000,1.000000,0.000000,1.000000,468.842507,323.659327,-841.077948
0.000000,180.000000,1.000000,0.000000,2.000000,486.810821,323.659334,-858.943415
0.000000,180.000000,1.000000,0.000000,3.000000,450.912047,323.659330,-858.943415
0.000000,180.000000,1.000000,0.000000,4.000000,468.842668,341.653790,-858.943415
0.000000,180.000000,1.000000,0.000000,5.000000,468.842348,305.702363,-858.943415
0.000000,180.000000,2.000000,1.000000,1.000000,468.861274,323.678080,-841.078948
0.000000,180.000000,2.000000,1.000000,2.000000,486.811895,323.678073,-858.944415
0.000000,180.000000,2.000000,1.000000,3.000000,450.913314,323.678084,-858.944415
0.000000,180.000000,2.000000,1.000000,4.000000,468.860794,341.651725,-858.944415
0.000000,180.000000,2.000000,1.000000,5.000000,468.860954,305.704454,-858.944415
0.000000,270.000000,1.000000,0.000000,1.000000,468.861747,323.678404,-841.085781
0.000000,270.000000,1.000000,0.000000,2.000000,468.861747,341.643705,-858.951248
0.000000,270.000000,1.000000,0.000000,3.000000,468.861754,305.709257,-858.951248
0.000000,270.000000,1.000000,0.000000,4.000000,450.900613,323.678404,-858.951248
0.000000,270.000000,1.000000,0.000000,5.000000,486.788706,323.678084,-858.951248
0.000000,270.000000,2.000000,1.000000,1.000000,468.844652,323.676161,-841.088448
0.000000,270.000000,2.000000,1.000000,2.000000,468.844660,341.647615,-858.953915
0.000000,270.000000,2.000000,1.000000,3.000000,468.844652,305.709194,-858.953915
0.000000,270.000000,2.000000,1.000000,4.000000,450.900177,323.675841,-858.953915
0.000000,270.000000,2.000000,1.000000,5.000000,486.794127,323.676481,-858.953915
0.000000,0.000000,1.000000,0.000000,1.000000,468.845904,323.677282,-841.109448
0.000000,0.000000,1.000000,0.000000,2.000000,450.904770,323.677282,-858.974915
0.000000,0.000000,1.000000,0.000000,3.000000,486.795371,323.677282,-858.974915
0.000000,0.000000,1.000000,0.000000,4.000000,468.845904,305.701149,-858.974915
0.000000,0.000000,1.000000,0.000000,5.000000,468.845904,341.650916,-858.974915
0.000000,0.000000,2.000000,1.000000,1.000000,468.850071,323.676032,-841.109615
0.000000,0.000000,2.000000,1.000000,2.000000,450.907270,323.676032,-858.975082
0.000000,0.000000,2.000000,1.000000,3.000000,486.800371,323.676032,-858.975082
0.000000,0.000000,2.000000,1.000000,4.000000,468.850071,305.699065,-858.975082
0.000000,0.000000,2.000000,1.000000,5.000000,468.850071,341.655499,-858.975082
0.000000,0.000000,1.000000,0.000000,1.000000,468.850071,323.676032,-841.113115
0.000000,0.000000,1.000000,0.000000,2.000000,450.907270,323.676032,-858.978582
0.000000,0.000000,1.000000,0.000000,3.000000,486.802871,323.676032,-858.978582
0.000000,0.000000,1.000000,0.000000,4.000000,468.850070,305.701565,-858.978582
0.000000,0.000000,1.000000,0.000000,5.000000,468.850070,341.653833,-858.978582
0.000000,0.000000,2.000000,1.000000,1.000000,468.855071,323.677699,-841.113281
0.000000,0.000000,2.000000,1.000000,2.000000,450.905604,323.677699,-858.978748
0.000000,0.000000,2.000000,1.000000,3.000000,486.805372,323.677699,-858.978748
0.000000,0.000000,2.000000,1.000000,4.000000,468.855071,305.701565,-858.978748
0.000000,0.000000,2.000000,1.000000,5.000000,468.855071,341.649666,-858.978748
90.000000,0.000000,1.000000,0.000000,1.000000,486.694746,323.676657,-858.978748
90.000000,0.000000,1.000000,0.000000,2.000000,468.829279,323.676657,-840.945114
90.000000,0.000000,1.000000,0.000000,3.000000,468.829279,323.676657,-876.865715
90.000000,0.000000,1.000000,0.000000,4.000000,468.829279,305.502190,-858.978748
90.000000,0.000000,1.000000,0.000000,5.000000,468.829279,341.456124,-858.978748
90.000000,0.000000,2.000000,1.000000,1.000000,486.686247,323.479157,-858.905415
90.000000,0.000000,2.000000,1.000000,2.000000,468.820779,323.479157,-840.950948
90.000000,0.000000,2.000000,1.000000,3.000000,468.820779,323.479157,-876.874048
90.000000,0.000000,2.000000,1.000000,4.000000,468.820779,305.502190,-858.905415
90.000000,0.000000,2.000000,1.000000,5.000000,468.820779,341.456958,-858.905415
0.000000,0.000000,1.000000,0.000000,1.000000,468.820779,323.479366,-841.112823
0.000000,0.000000,1.000000,0.000000,2.000000,450.944646,323.479366,-858.978290
0.000000,0.000000,1.000000,0.000000,3.000000,486.842747,323.479366,-858.978290
0.000000,0.000000,1.000000,0.000000,4.000000,468.820779,305.704065,-858.978290
0.000000,0.000000,1.000000,0.000000,5.000000,468.820779,341.653833,-858.978290
0.000000,0.000000,2.000000,1.000000,1.000000,468.893696,323.678949,-841.112156
0.000000,0.000000,2.000000,1.000000,2.000000,450.942562,323.678949,-858.977623
0.000000,0.000000,2.000000,1.000000,3.000000,486.838164,323.678949,-858.977623
0.000000,0.000000,2.000000,1.000000,4.000000,468.893696,305.702815,-858.977623
0.000000,0.000000,2.000000,1.000000,5.000000,468.893696,341.653416,-858.977623
-90.000000,0.000000,1.000000,0.000000,1.000000,450.849229,323.678532,-858.977623
-90.000000,0.000000,1.000000,0.000000,2.000000,468.714696,323.678532,-876.301257
-90.000000,0.000000,1.000000,0.000000,3.000000,468.714696,323.678532,-840.400656
-90.000000,0.000000,1.000000,0.000000,4.000000,468.714696,305.556565,-858.977623
-90.000000,0.000000,1.000000,0.000000,5.000000,468.714696,341.484666,-858.977623
-90.000000,0.000000,2.000000,1.000000,1.000000,450.846062,323.520616,-858.350956
-90.000000,0.000000,2.000000,1.000000,2.000000,468.711529,323.520616,-876.235423
-90.000000,0.000000,2.000000,1.000000,3.000000,468.711529,323.520616,-840.343989
-90.000000,0.000000,2.000000,1.000000,4.000000,468.711529,305.541982,-858.350956
-90.000000,0.000000,2.000000,1.000000,5.000000,468.711529,341.497583,-858.350956
0.000000,0.000000,1.000000,0.000000,1.000000,468.711529,323.520199,-841.113364
0.000000,0.000000,1.000000,0.000000,2.000000,450.993729,323.520199,-858.978831
0.000000,0.000000,1.000000,0.000000,3.000000,486.880997,323.520199,-858.978831
0.000000,0.000000,1.000000,0.000000,4.000000,468.711529,305.660732,-858.978831
0.000000,0.000000,1.000000,0.000000,5.000000,468.711529,341.614666,-858.978831
0.000000,0.000000,2.000000,1.000000,1.000000,468.937363,323.637699,-841.116031
0.000000,0.000000,2.000000,1.000000,2.000000,450.993729,323.637699,-858.981498
0.000000,0.000000,2.000000,1.000000,3.000000,486.882663,323.637699,-858.981498
0.000000,0.000000,2.000000,1.000000,4.000000,468.937363,305.659898,-858.981498
0.000000,0.000000,2.000000,1.000000,5.000000,468.937363,341.614666,-858.981498
0.000000,90.000000,1.000000,0.000000,1.000000,468.937783,323.637651,-841.099531
0.000000,90.000000,1.000000,0.000000,2.000000,468.937787,305.753344,-858.964998
0.000000,90.000000,1.000000,0.000000,3.000000,468.937783,341.686284,-858.964998
0.000000,90.000000,1.000000,0.000000,4.000000,486.872250,323.637651,-858.964998
0.000000,90.000000,1.000000,0.000000,5.000000,450.898316,323.637651,-858.964998
0.000000,90.000000,2.000000,1.000000,1.000000,468.885283,323.719814,-841.098031
0.000000,90.000000,2.000000,1.000000,2.000000,468.885283,305.752014,-858.963498
0.000000,90.000000,2.000000,1.000000,3.000000,468.885283,341.685948,-858.963498
0.000000,90.000000,2.000000,1.000000,4.000000,486.872250,323.719814,-858.963498
0.000000,90.000000,2.000000,1.000000,5.000000,450.896649,323.719814,-858.963498
90.000000,90.000000,1.000000,0.000000,1.000000,468.884866,341.353031,-858.963498
90.000000,90.000000,1.000000,0.000000,2.000000,468.884866,323.487564,-841.086531
90.000000,90.000000,1.000000,0.000000,3.000000,468.884866,323.487564,-877.005465
90.000000,90.000000,1.000000,0.000000,4.000000,486.780167,323.487564,-858.963498
90.000000,90.000000,1.000000,0.000000,5.000000,450.804566,323.487564,-858.963498
90.000000,90.000000,2.000000,1.000000,1.000000,468.792366,341.355364,-859.045998
90.000000,90.000000,2.000000,1.000000,2.000000,468.792366,323.489897,-841.089865
90.000000,90.000000,2.000000,1.000000,3.000000,468.792366,323.489897,-877.012132
90.000000,90.000000,2.000000,1.000000,4.000000,486.781000,323.489897,-859.045998
90.000000,90.000000,2.000000,1.000000,5.000000,450.806232,323.489897,-859.045998
0.000000,90.000000,1.000000,0.000000,1.000000,468.792991,323.489897,-841.098198
0.000000,90.000000,1.000000,0.000000,2.000000,468.792991,305.781264,-858.963665
0.000000,90.000000,1.000000,0.000000,3.000000,468.792991,341.712698,-858.963665
0.000000,90.000000,1.000000,0.000000,4.000000,486.875792,323.489897,-858.963665
0.000000,90.000000,1.000000,0.000000,5.000000,450.903524,323.489897,-858.963665
0.000000,90.000000,2.000000,1.000000,1.000000,468.889658,323.746981,-841.098364
0.000000,90.000000,2.000000,1.000000,2.000000,468.889658,305.782514,-858.963831
0.000000,90.000000,2.000000,1.000000,3.000000,468.889658,341.702281,-858.963831
0.000000,90.000000,2.000000,1.000000,4.000000,486.876625,323.746981,-858.963831
0.000000,90.000000,2.000000,1.000000,5.000000,450.902691,323.746981,-858.963831
-90.000000,90.000000,1.000000,0.000000,1.000000,468.887811,306.320383,-858.963831
-90.000000,90.000000,1.000000,0.000000,2.000000,468.889658,324.185689,-876.028299
-90.000000,90.000000,1.000000,0.000000,3.000000,468.885964,324.186010,-840.125198
-90.000000,90.000000,1.000000,0.000000,4.000000,486.849598,324.186010,-858.963831
-90.000000,90.000000,1.000000,0.000000,5.000000,450.920011,324.185850,-858.963831
-90.000000,90.000000,2.000000,1.000000,1.000000,468.882958,306.289877,-858.076748
-90.000000,90.000000,2.000000,1.000000,2.000000,468.882957,324.155344,-876.027882
-90.000000,90.000000,2.000000,1.000000,3.000000,468.882957,324.155344,-840.122281
-90.000000,90.000000,2.000000,1.000000,4.000000,486.862425,324.155344,-858.076748
-90.000000,90.000000,2.000000,1.000000,5.000000,450.888490,324.155344,-858.076748
0.000000,90.000000,1.000000,0.000000,1.000000,468.879208,324.155344,-841.097281
0.000000,90.000000,1.000000,0.000000,2.000000,468.879208,305.760043,-858.962748
0.000000,90.000000,1.000000,0.000000,3.000000,468.879208,341.688977,-858.962748
0.000000,90.000000,1.000000,0.000000,4.000000,486.874508,324.155344,-858.962748
0.000000,90.000000,1.000000,0.000000,5.000000,450.910574,324.155344,-858.962748
0.000000,90.000000,2.000000,1.000000,1.000000,468.892541,323.724510,-841.094948
0.000000,90.000000,2.000000,1.000000,2.000000,468.892541,305.756710,-858.960415
0.000000,90.000000,2.000000,1.000000,3.000000,468.892541,341.687311,-858.960415
0.000000,90.000000,2.000000,1.000000,4.000000,486.880342,323.724510,-858.960415
0.000000,90.000000,2.000000,1.000000,5.000000,450.906407,323.724510,-858.960415
0.000000,180.000000,1.000000,0.000000,1.000000,468.893278,323.723253,-841.079281
0.000000,180.000000,1.000000,0.000000,2.000000,486.757745,323.723253,-858.944748
0.000000,180.000000,1.000000,0.000000,3.000000,450.865637,323.723249,-858.944748
0.000000,180.000000,1.000000,0.000000,4.000000,468.893438,341.679383,-858.944748
0.000000,180.000000,1.000000,0.000000,5.000000,468.893438,305.724615,-858.944748
0.000000,180.000000,2.000000,1.000000,1.000000,468.811851,323.701995,-841.082781
0.000000,180.000000,2.000000,1.000000,2.000000,486.756832,323.702003,-858.948248
0.000000,180.000000,2.000000,1.000000,3.000000,450.862704,323.701988,-858.948248
0.000000,180.000000,2.000000,1.000000,4.000000,468.811531,341.680637,-858.948248
0.000000,180.000000,2.000000,1.000000,5.000000,468.811531,305.725036,-858.948248
90.000000,180.000000,1.000000,0.000000,1.000000,450.819001,323.698723,-858.948248
90.000000,180.000000,1.000000,0.000000,2.000000,468.684786,323.695030,-841.009614
90.000000,180.000000,1.000000,0.000000,3.000000,468.684468,323.698723,-876.902715
90.000000,180.000000,1.000000,0.000000,4.000000,468.684627,341.458844,-858.948248
90.000000,180.000000,1.000000,0.000000,5.000000,468.684786,305.508897,-858.948248
90.000000,180.000000,2.000000,1.000000,1.000000,450.816152,323.480177,-858.956165
90.000000,180.000000,2.000000,1.000000,2.000000,468.681142,323.485716,-841.012531
90.000000,180.000000,2.000000,1.000000,3.000000,468.681301,323.483870,-876.908965
90.000000,180.000000,2.000000,1.000000,4.000000,468.681938,341.460952,-858.956165
90.000000,180.000000,2.000000,1.000000,5.000000,468.681301,305.506903,-858.956165
0.000000,180.000000,1.000000,0.000000,1.000000,468.681101,323.484368,-841.081489
0.000000,180.000000,1.000000,0.000000,2.000000,486.724061,323.484364,-858.946956
0.000000,180.000000,1.000000,0.000000,3.000000,450.826313,323.484376,-858.946956
0.000000,180.000000,1.000000,0.000000,4.000000,468.681421,341.684661,-858.946956
0.000000,180.000000,1.000000,0.000000,5.000000,468.681261,305.730731,-858.946956
0.000000,180.000000,2.000000,1.000000,1.000000,468.775187,323.707696,-841.079156
0.000000,180.000000,2.000000,1.000000,2.000000,486.729001,323.707695,-858.944619
0.000000,180.000000,2.000000,1.000000,3.000000,450.828220,323.707696,-858.944623
0.000000,180.000000,2.000000,1.000000,4.000000,468.775187,341.684663,-858.944623
0.000000,180.000000,2.000000,1.000000,5.000000,468.775187,305.729895,-858.944623
-90.000000,180.000000,1.000000,0.000000,1.000000,486.663866,323.707487,-858.944622
-90.000000,180.000000,1.000000,0.000000,2.000000,468.798399,323.707487,-876.189089
-90.000000,180.000000,1.000000,0.000000,3.000000,468.798399,323.707487,-840.275155
-90.000000,180.000000,1.000000,0.000000,4.000000,468.798399,341.842787,-858.944622
-90.000000,180.000000,1.000000,0.000000,5.000000,468.798399,305.914687,-858.944622
-90.000000,180.000000,2.000000,1.000000,1.000000,486.672033,323.878737,-858.232122
-90.000000,180.000000,2.000000,1.000000,2.000000,468.806566,323.878737,-876.191589
-90.000000,180.000000,2.000000,1.000000,3.000000,468.806566,323.878737,-840.271822
-90.000000,180.000000,2.000000,1.000000,4.000000,468.806566,341.856537,-858.232122
-90.000000,180.000000,2.000000,1.000000,5.000000,468.806566,305.901770,-858.232122
0.000000,180.000000,1.000000,0.000000,1.000000,468.806566,323.878945,-841.079947
0.000000,180.000000,1.000000,0.000000,2.000000,486.741033,323.878945,-858.945414
0.000000,180.000000,1.000000,0.000000,3.000000,450.841265,323.878945,-858.945414
0.000000,180.000000,1.000000,0.000000,4.000000,468.806566,341.688413,-858.945414
0.000000,180.000000,1.000000,0.000000,5.000000,468.806566,305.733645,-858.945414
0.000000,180.000000,2.000000,1.000000,1.000000,468.791149,323.711029,-841.079280
0.000000,180.000000,2.000000,1.000000,2.000000,486.740616,323.711029,-858.944747
0.000000,180.000000,2.000000,1.000000,3.000000,450.844182,323.711029,-858.944747
0.000000,180.000000,2.000000,1.000000,4.000000,468.791149,341.687996,-858.944747
0.000000,180.000000,2.000000,1.000000,5.000000,468.791149,305.731562,-858.944747
0.000000,270.000000,1.000000,0.000000,1.000000,468.791781,323.710724,-841.085280
0.000000,270.000000,1.000000,0.000000,2.000000,468.791789,341.567178,-858.950747
0.000000,270.000000,1.000000,0.000000,3.000000,468.791789,305.634077,-858.950747
0.000000,270.000000,1.000000,0.000000,4.000000,450.868985,323.710884,-858.950747
0.000000,270.000000,1.000000,0.000000,5.000000,486.764574,323.710404,-858.950747
0.000000,270.000000,2.000000,1.000000,1.000000,468.816772,323.600307,-841.084613
0.000000,270.000000,2.000000,1.000000,2.000000,468.816780,341.570928,-858.950080
0.000000,270.000000,2.000000,1.000000,3.000000,468.816776,305.637667,-858.950080
0.000000,270.000000,2.000000,1.000000,4.000000,450.866468,323.600147,-858.950080
0.000000,270.000000,2.000000,1.000000,5.000000,486.765398,323.599987,-858.950080
90.000000,270.000000,1.000000,0.000000,1.000000,468.816356,306.257715,-858.950080
90.000000,270.000000,1.000000,0.000000,2.000000,468.814509,324.123023,-840.828947
90.000000,270.000000,1.000000,0.000000,3.000000,468.812663,324.122864,-876.732881
90.000000,270.000000,1.000000,0.000000,4.000000,450.653081,324.123501,-858.950080
90.000000,270.000000,1.000000,0.000000,5.000000,486.542849,324.123501,-858.950080
90.000000,270.000000,2.000000,1.000000,1.000000,468.601658,306.263200,-858.780914
90.000000,270.000000,2.000000,1.000000,2.000000,468.605350,324.128986,-840.829780
90.000000,270.000000,2.000000,1.000000,3.000000,468.605350,324.128986,-876.736214
90.000000,270.000000,2.000000,1.000000,4.000000,450.653857,324.128667,-858.780914
90.000000,270.000000,2.000000,1.000000,5.000000,486.544932,324.128349,-858.780914
0.000000,270.000000,1.000000,0.000000,1.000000,468.602369,324.128587,-841.098322
0.000000,270.000000,1.000000,0.000000,2.000000,468.602361,341.544401,-858.963789
0.000000,270.000000,1.000000,0.000000,3.000000,468.602365,305.613960,-858.963789
0.000000,270.000000,1.000000,0.000000,4.000000,450.892894,324.128267,-858.963789
0.000000,270.000000,1.000000,0.000000,5.000000,486.772662,324.128267,-858.963789
0.000000,270.000000,2.000000,1.000000,1.000000,468.832785,323.579500,-841.088488
0.000000,270.000000,2.000000,1.000000,2.000000,468.832778,341.539481,-858.953955
0.000000,270.000000,2.000000,1.000000,3.000000,468.832789,305.603527,-858.953955
0.000000,270.000000,2.000000,1.000000,4.000000,450.886656,323.579660,-858.953955
0.000000,270.000000,2.000000,1.000000,5.000000,486.793078,323.579180,-858.953955
-90.000000,270.000000,1.000000,0.000000,1.000000,468.832632,341.324417,-858.953955
-90.000000,270.000000,1.000000,0.000000,2.000000,468.834478,323.458790,-876.270922
-90.000000,270.000000,1.000000,0.000000,3.000000,468.834478,323.458790,-840.366155
-90.000000,270.000000,1.000000,0.000000,4.000000,450.741791,323.459433,-858.953955
-90.000000,270.000000,1.000000,0.000000,5.000000,486.619306,323.458468,-858.953955
-90.000000,270.000000,2.000000,1.000000,1.000000,468.678702,341.337745,-858.318539
-90.000000,270.000000,2.000000,1.000000,2.000000,468.673161,323.472760,-876.275506
-90.000000,270.000000,2.000000,1.000000,3.000000,468.673161,323.472760,-840.365738
-90.000000,270.000000,2.000000,1.000000,4.000000,450.733221,323.472439,-858.318539
-90.000000,270.000000,2.000000,1.000000,5.000000,486.636209,323.471795,-858.318539
0.000000,270.000000,1.000000,0.000000,1.000000,468.678946,323.472759,-841.084280
0.000000,270.000000,1.000000,0.000000,2.000000,468.678934,341.567579,-858.949747
0.000000,270.000000,1.000000,0.000000,3.000000,468.678934,305.635312,-858.949747
0.000000,270.000000,1.000000,0.000000,4.000000,450.871156,323.473239,-858.949747
0.000000,270.000000,1.000000,0.000000,5.000000,486.771735,323.472279,-858.949747
0.000000,270.000000,2.000000,1.000000,1.000000,468.821457,323.601926,-841.086947
0.000000,270.000000,2.000000,1.000000,2.000000,468.821461,341.562386,-858.952414
0.000000,270.000000,2.000000,1.000000,3.000000,468.821446,305.633645,-858.952414
0.000000,270.000000,2.000000,1.000000,4.000000,450.870335,323.602406,-858.952414
0.000000,270.000000,2.000000,1.000000,5.000000,486.770099,323.602246,-858.952414
